Event Index,UTC Timestamp,UTC Date and Time,Local Timestamp,Local Timezone,Local Date and Time,Experiment ID,Experiment Version,Tree Node Key,Repeat Key,Schedule ID,Participant Public ID,Participant Private ID,Participant Starting Group,Participant Status,Participant Completion Code,Participant External Session ID,Participant Device Type,Participant Device,Participant OS,Participant Browser,Participant Monitor Size,Participant Viewport Size,Checkpoint,Room ID,Room Order,Task Name,Task Version,randomiser-m119,Manipulation: Spreadsheet,Current Spreadsheet,Trial Number,Display,Screen,Screen ID,Screen Counter,Response Type,Response,Context,Onset Time,Clock Time,Reaction Time,Absolute Onset Time,Absolute Clock Time,Absolute Reaction Time,Correct,Response Duration,Proportion,Tag,Component Name,Object Name,Object Number,Object ID,Spreadsheet: display,Spreadsheet: image,Spreadsheet: num_classes,Spreadsheet: colormap,Spreadsheet: variation,Spreadsheet: condition,Spreadsheet: trial_type,Spreadsheet: question,Spreadsheet: correct_answer,Spreadsheet: group_number
1,1789992007000,21/09/2026 12:00:07,1789992007000,1,21/09/2026 13:00:07,229051,38,synthetic-g1,,SYN-S1-S1_PRIV_001,S1PUB001,S1_PRIV_001,,complete,SYNTHETIC,,computer,Synthetic desktop,Synthetic OS,Synthetic Browser,1920 x 1080,1440 x 900,,,,Discrimination Task G1,SYNTHETIC,G1,G1,G1,1,Display 1,Screen 1,,,response,20,,,,4027.1,,,4027.1,1,4027.1,,,,Response,,,Display1,disc_20_3_tab20sa.png,20,tab20sa,3,sa,discrimination,How many distinct classes do you see?,20,1
2,1789992014000,21/09/2026 12:00:14,1789992014000,1,21/09/2026 13:00:14,229051,38,synthetic-g1,,SYN-S1-S1_PRIV_001,S1PUB001,S1_PRIV_001,,complete,SYNTHETIC,,computer,Synthetic desktop,Synthetic OS,Synthetic Browser,1920 x 1080,1440 x 900,,,,Discrimination Task G1,SYNTHETIC,G1,G1,G1,2,Display 1,Screen 1,,,response,25,,,,4082.2,,,4082.2,0,4082.2,,,,Response,,,Display1,disc_30_1_tab20sa.png,30,tab20sa,1,sa,discrimination,How many distinct classes do you see?,30,1
3,1789992021000,21/09/2026 12:00:21,1789992021000,1,21/09/2026 13:00:21,229051,38,synthetic-g1,,SYN-S1-S1_PRIV_001,S1PUB001,S1_PRIV_001,,complete,SYNTHETIC,,computer,Synthetic desktop,Synthetic OS,Synthetic Browser,1920 x 1080,1440 x 900,,,,Discrimination Task G1,SYNTHETIC,G1,G1,G1,3,Display 1,Screen 1,,,response,20,,,,4079.8,,,4079.8,1,4079.8,,,,Response,,,Display1,disc_20_2_tab20.png,20,tab20,2,baseline,discrimination,How many distinct classes do you see?,20,1
4,1789992028000,21/09/2026 12:00:28,1789992028000,1,21/09/2026 13:00:28,229051,38,synthetic-g1,,SYN-S1-S1_PRIV_001,S1PUB001,S1_PRIV_001,,complete,SYNTHETIC,,computer,Synthetic desktop,Synthetic OS,Synthetic Browser,1920 x 1080,1440 x 900,,,,Discrimination Task G1,SYNTHETIC,G1,G1,G1,4,Display 1,Screen 1,,,response,5,,,,3874.1,,,3874.1,1,3874.1,,,,Response,,,Display1,disc_5_1_tab20sa.png,5,tab20sa,1,sa,discrimination,How many distinct classes do you see?,5,1
5,1789992035000,21/09/2026 12:00:35,1789992035000,1,21/09/2026 13:00:35,229051,38,synthetic-g1,,SYN-S1-S1_PRIV_001,S1PUB001,S1_PRIV_001,,complete,SYNTHETIC,,computer,Synthetic desktop,Synthetic OS,Synthetic Browser,1920 x 1080,1440 x 900,,,,Discrimination Task G1,SYNTHETIC,G1,G1,G1,5,Display 1,Screen 1,,,response,5,,,,4200.9,,,4200.9,1,4200.9,,,,Response,,,Display1,disc_5_3_tab20sa.png,5,tab20sa,3,sa,discrimination,How many distinct classes do you see?,5,1
6,1789992042000,21/09/2026 12:00:42,1789992042000,1,21/09/2026 13:00:42,229051,38,synthetic-g1,,SYN-S1-S1_PRIV_001,S1PUB001,S1_PRIV_001,,complete,SYNTHETIC,,computer,Synthetic desktop,Synthetic OS,Synthetic Browser,1920 x 1080,1440 x 900,,,,Discrimination Task G1,SYNTHETIC,G1,G1,G1,6,Display 1,Screen 1,,,response,10,,,,4482.6,,,4482.6,1,4482.6,,,,Response,,,Display1,disc_10_1_tab20sa.png,10,tab20sa,1,sa,discrimination,How many distinct classes do you see?,10,1
7,1789992049000,21/09/2026 12:00:49,1789992049000,1,21/09/2026 13:00:49,229051,38,synthetic-g1,,SYN-S1-S1_PRIV_001,S1PUB001,S1_PRIV_001,,complete,SYNTHETIC,,computer,Synthetic desktop,Synthetic OS,Synthetic Browser,1920 x 1080,1440 x 900,,,,Discrimination Task G1,SYNTHETIC,G1,G1,G1,7,Display 1,Screen 1,,,response,30,,,,7180.6,,,7180.6,1,7180.6,,,,Response,,,Display1,disc_30_1_tab20.png,30,tab20,1,baseline,discrimination,How many distinct classes do you see?,30,1
8,1789992056000,21/09/2026 12:00:56,1789992056000,1,21/09/2026 13:00:56,229051,38,synthetic-g1,,SYN-S1-S1_PRIV_001,S1PUB001,S1_PRIV_001,,complete,SYNTHETIC,,computer,Synthetic desktop,Synthetic OS,Synthetic Browser,1920 x 1080,1440 x 900,,,,Discrimination Task G1,SYNTHETIC,G1,G1,G1,8,Display 1,Screen 1,,,response,5,,,,3477.5,,,3477.5,1,3477.5,,,,Response,,,Display1,disc_5_3_tab20.png,5,tab20,3,baseline,discrimination,How many distinct classes do you see?,5,1
9,1789992063000,21/09/2026 12:01:03,1789992063000,1,21/09/2026 13:01:03,229051,38,synthetic-g1,,SYN-S1-S1_PRIV_001,S1PUB001,S1_PRIV_001,,complete,SYNTHETIC,,computer,Synthetic desktop,Synthetic OS,Synthetic Browser,1920 x 1080,1440 x 900,,,,Discrimination Task G1,SYNTHETIC,G1,G1,G1,9,Display 1,Screen 1,,,response,15,,,,11218.8,,,11218.8,0,11218.8,,,,Response,,,Display1,disc_20_2_tab20sa.png,20,tab20sa,2,sa,discrimination,How many distinct classes do you see?,20,1
10,1789992070000,21/09/2026 12:01:10,1789992070000,1,21/09/2026 13:01:10,229051,38,synthetic-g1,,SYN-S1-S1_PRIV_001,S1PUB001,S1_PRIV_001,,complete,SYNTHETIC,,computer,Synthetic desktop,Synthetic OS,Synthetic Browser,1920 x 1080,1440 x 900,,,,Discrimination Task G1,SYNTHETIC,G1,G1,G1,10,Display 1,Screen 1,,,response,5,,,,1977.9,,,1977.9,1,1977.9,,,,Response,,,Display1,disc_5_2_tab20sa.png,5,tab20sa,2,sa,discrimination,How many distinct classes do you see?,5,1
11,1789992077000,21/09/2026 12:01:17,1789992077000,1,21/09/2026 13:01:17,229051,38,synthetic-g1,,SYN-S1-S1_PRIV_001,S1PUB001,S1_PRIV_001,,complete,SYNTHETIC,,computer,Synthetic desktop,Synthetic OS,Synthetic Browser,1920 x 1080,1440 x 900,,,,Discrimination Task G1,SYNTHETIC,G1,G1,G1,11,Display 1,Screen 1,,,response,20,,,,6452.5,,,6452.5,1,6452.5,,,,Response,,,Display1,disc_20_3_tab20.png,20,tab20,3,baseline,discrimination,How many distinct classes do you see?,20,1
12,1789992084000,21/09/2026 12:01:24,1789992084000,1,21/09/2026 13:01:24,229051,38,synthetic-g1,,SYN-S1-S1_PRIV_001,S1PUB001,S1_PRIV_001,,complete,SYNTHETIC,,computer,Synthetic desktop,Synthetic OS,Synthetic Browser,1920 x 1080,1440 x 900,,,,Discrimination Task G1,SYNTHETIC,G1,G1,G1,12,Display 1,Screen 1,,,response,30,,,,8298.4,,,8298.4,1,8298.4,,,,Response,,,Display1,disc_30_2_tab20sa.png,30,tab20sa,2,sa,discrimination,How many distinct classes do you see?,30,1
13,1789992091000,21/09/2026 12:01:31,1789992091000,1,21/09/2026 13:01:31,229051,38,synthetic-g1,,SYN-S1-S1_PRIV_001,S1PUB001,S1_PRIV_001,,complete,SYNTHETIC,,computer,Synthetic desktop,Synthetic OS,Synthetic Browser,1920 x 1080,1440 x 900,,,,Discrimination Task G1,SYNTHETIC,G1,G1,G1,13,Display 1,Screen 1,,,response,10,,,,4038.8,,,4038.8,1,4038.8,,,,Response,,,Display1,disc_10_2_tab20.png,10,tab20,2,baseline,discrimination,How many distinct classes do you see?,10,1
14,1789992098000,21/09/2026 12:01:38,1789992098000,1,21/09/2026 13:01:38,229051,38,synthetic-g1,,SYN-S1-S1_PRIV_001,S1PUB001,S1_PRIV_001,,complete,SYNTHETIC,,computer,Synthetic desktop,Synthetic OS,Synthetic Browser,1920 x 1080,1440 x 900,,,,Discrimination Task G1,SYNTHETIC,G1,G1,G1,14,Display 1,Screen 1,,,response,5,,,,2258.5,,,2258.5,1,2258.5,,,,Response,,,Display1,disc_5_1_tab20.png,5,tab20,1,baseline,discrimination,How many distinct classes do you see?,5,1
15,1789992105000,21/09/2026 12:01:45,1789992105000,1,21/09/2026 13:01:45,229051,38,synthetic-g1,,SYN-S1-S1_PRIV_001,S1PUB001,S1_PRIV_001,,complete,SYNTHETIC,,computer,Synthetic desktop,Synthetic OS,Synthetic Browser,1920 x 1080,1440 x 900,,,,Discrimination Task G1,SYNTHETIC,G1,G1,G1,15,Display 1,Screen 1,,,response,15,,,,6456.6,,,6456.6,0,6456.6,,,,Response,,,Display1,disc_20_1_tab20sa.png,20,tab20sa,1,sa,discrimination,How many distinct classes do you see?,20,1
16,1789992112000,21/09/2026 12:01:52,1789992112000,1,21/09/2026 13:01:52,229051,38,synthetic-g1,,SYN-S1-S1_PRIV_001,S1PUB001,S1_PRIV_001,,complete,SYNTHETIC,,computer,Synthetic desktop,Synthetic OS,Synthetic Browser,1920 x 1080,1440 x 900,,,,Discrimination Task G1,SYNTHETIC,G1,G1,G1,16,Display 1,Screen 1,,,response,30,,,,12664.5,,,12664.5,1,12664.5,,,,Response,,,Display1,disc_30_3_tab20sa.png,30,tab20sa,3,sa,discrimination,How many distinct classes do you see?,30,1
17,1789992119000,21/09/2026 12:01:59,1789992119000,1,21/09/2026 13:01:59,229051,38,synthetic-g1,,SYN-S1-S1_PRIV_001,S1PUB001,S1_PRIV_001,,complete,SYNTHETIC,,computer,Synthetic desktop,Synthetic OS,Synthetic Browser,1920 x 1080,1440 x 900,,,,Discrimination Task G1,SYNTHETIC,G1,G1,G1,17,Display 1,Screen 1,,,response,20,,,,9244.7,,,9244.7,1,9244.7,,,,Response,,,Display1,disc_20_1_tab20.png,20,tab20,1,baseline,discrimination,How many distinct classes do you see?,20,1
18,1789992126000,21/09/2026 12:02:06,1789992126000,1,21/09/2026 13:02:06,229051,38,synthetic-g1,,SYN-S1-S1_PRIV_001,S1PUB001,S1_PRIV_001,,complete,SYNTHETIC,,computer,Synthetic desktop,Synthetic OS,Synthetic Browser,1920 x 1080,1440 x 900,,,,Discrimination Task G1,SYNTHETIC,G1,G1,G1,18,Display 1,Screen 1,,,response,25,,,,5893.4,,,5893.4,0,5893.4,,,,Response,,,Display1,disc_30_2_tab20.png,30,tab20,2,baseline,discrimination,How many distinct classes do you see?,30,1
19,1789992133000,21/09/2026 12:02:13,1789992133000,1,21/09/2026 13:02:13,229051,38,synthetic-g1,,SYN-S1-S1_PRIV_001,S1PUB001,S1_PRIV_001,,complete,SYNTHETIC,,computer,Synthetic desktop,Synthetic OS,Synthetic Browser,1920 x 1080,1440 x 900,,,,Discrimination Task G1,SYNTHETIC,G1,G1,G1,19,Display 1,Screen 1,,,response,10,,,,6044.7,,,6044.7,1,6044.7,,,,Response,,,Display1,disc_10_2_tab20sa.png,10,tab20sa,2,sa,discrimination,How many distinct classes do you see?,10,1
20,1789992140000,21/09/2026 12:02:20,1789992140000,1,21/09/2026 13:02:20,229051,38,synthetic-g1,,SYN-S1-S1_PRIV_001,S1PUB001,S1_PRIV_001,,complete,SYNTHETIC,,computer,Synthetic desktop,Synthetic OS,Synthetic Browser,1920 x 1080,1440 x 900,,,,Discrimination Task G1,SYNTHETIC,G1,G1,G1,20,Display 1,Screen 1,,,response,10,,,,5646.3,,,5646.3,1,5646.3,,,,Response,,,Display1,disc_10_3_tab20sa.png,10,tab20sa,3,sa,discrimination,How many distinct classes do you see?,10,1
21,1789992147000,21/09/2026 12:02:27,1789992147000,1,21/09/2026 13:02:27,229051,38,synthetic-g1,,SYN-S1-S1_PRIV_001,S1PUB001,S1_PRIV_001,,complete,SYNTHETIC,,computer,Synthetic desktop,Synthetic OS,Synthetic Browser,1920 x 1080,1440 x 900,,,,Discrimination Task G1,SYNTHETIC,G1,G1,G1,21,Display 1,Screen 1,,,response,5,,,,3269.5,,,3269.5,1,3269.5,,,,Response,,,Display1,disc_5_2_tab20.png,5,tab20,2,baseline,discrimination,How many distinct classes do you see?,5,1
22,1789992154000,21/09/2026 12:02:34,1789992154000,1,21/09/2026 13:02:34,229051,38,synthetic-g1,,SYN-S1-S1_PRIV_001,S1PUB001,S1_PRIV_001,,complete,SYNTHETIC,,computer,Synthetic desktop,Synthetic OS,Synthetic Browser,1920 x 1080,1440 x 900,,,,Discrimination Task G1,SYNTHETIC,G1,G1,G1,22,Display 1,Screen 1,,,response,25,,,,8809.4,,,8809.4,0,8809.4,,,,Response,,,Display1,disc_30_3_tab20.png,30,tab20,3,baseline,discrimination,How many distinct classes do you see?,30,1
23,1789992161000,21/09/2026 12:02:41,1789992161000,1,21/09/2026 13:02:41,229051,38,synthetic-g1,,SYN-S1-S1_PRIV_001,S1PUB001,S1_PRIV_001,,complete,SYNTHETIC,,computer,Synthetic desktop,Synthetic OS,Synthetic Browser,1920 x 1080,1440 x 900,,,,Discrimination Task G1,SYNTHETIC,G1,G1,G1,23,Display 1,Screen 1,,,response,10,,,,6912.1,,,6912.1,1,6912.1,,,,Response,,,Display1,disc_10_3_tab20.png,10,tab20,3,baseline,discrimination,How many distinct classes do you see?,10,1
24,1789992168000,21/09/2026 12:02:48,1789992168000,1,21/09/2026 13:02:48,229051,38,synthetic-g1,,SYN-S1-S1_PRIV_001,S1PUB001,S1_PRIV_001,,complete,SYNTHETIC,,computer,Synthetic desktop,Synthetic OS,Synthetic Browser,1920 x 1080,1440 x 900,,,,Discrimination Task G1,SYNTHETIC,G1,G1,G1,24,Display 1,Screen 1,,,response,10,,,,5632.5,,,5632.5,1,5632.5,,,,Response,,,Display1,disc_10_1_tab20.png,10,tab20,1,baseline,discrimination,How many distinct classes do you see?,10,1
25,1789992175000,21/09/2026 12:02:55,1789992175000,1,21/09/2026 13:02:55,229051,38,synthetic-g1,,SYN-S1-S1_PRIV_002,S1PUB002,S1_PRIV_002,,complete,SYNTHETIC,,computer,Synthetic desktop,Synthetic OS,Synthetic Browser,1920 x 1080,1440 x 900,,,,Discrimination Task G1,SYNTHETIC,G1,G1,G1,1,Display 1,Screen 1,,,response,5,,,,5119.7,,,5119.7,1,5119.7,,,,Response,,,Display1,disc_5_1_tab20sa.png,5,tab20sa,1,sa,discrimination,How many distinct classes do you see?,5,1
26,1789992182000,21/09/2026 12:03:02,1789992182000,1,21/09/2026 13:03:02,229051,38,synthetic-g1,,SYN-S1-S1_PRIV_002,S1PUB002,S1_PRIV_002,,complete,SYNTHETIC,,computer,Synthetic desktop,Synthetic OS,Synthetic Browser,1920 x 1080,1440 x 900,,,,Discrimination Task G1,SYNTHETIC,G1,G1,G1,2,Display 1,Screen 1,,,response,30,,,,8391.3,,,8391.3,1,8391.3,,,,Response,,,Display1,disc_30_1_tab20sa.png,30,tab20sa,1,sa,discrimination,How many distinct classes do you see?,30,1
27,1789992189000,21/09/2026 12:03:09,1789992189000,1,21/09/2026 13:03:09,229051,38,synthetic-g1,,SYN-S1-S1_PRIV_002,S1PUB002,S1_PRIV_002,,complete,SYNTHETIC,,computer,Synthetic desktop,Synthetic OS,Synthetic Browser,1920 x 1080,1440 x 900,,,,Discrimination Task G1,SYNTHETIC,G1,G1,G1,3,Display 1,Screen 1,,,response,10,,,,3897.1,,,3897.1,1,3897.1,,,,Response,,,Display1,disc_10_2_tab20.png,10,tab20,2,baseline,discrimination,How many distinct classes do you see?,10,1
28,1789992196000,21/09/2026 12:03:16,1789992196000,1,21/09/2026 13:03:16,229051,38,synthetic-g1,,SYN-S1-S1_PRIV_002,S1PUB002,S1_PRIV_002,,complete,SYNTHETIC,,computer,Synthetic desktop,Synthetic OS,Synthetic Browser,1920 x 1080,1440 x 900,,,,Discrimination Task G1,SYNTHETIC,G1,G1,G1,4,Display 1,Screen 1,,,response,20,,,,6718.9,,,6718.9,1,6718.9,,,,Response,,,Display1,disc_20_2_tab20sa.png,20,tab20sa,2,sa,discrimination,How many distinct classes do you see?,20,1
29,1789992203000,21/09/2026 12:03:23,1789992203000,1,21/09/2026 13:03:23,229051,38,synthetic-g1,,SYN-S1-S1_PRIV_002,S1PUB002,S1_PRIV_002,,complete,SYNTHETIC,,computer,Synthetic desktop,Synthetic OS,Synthetic Browser,1920 x 1080,1440 x 900,,,,Discrimination Task G1,SYNTHETIC,G1,G1,G1,5,Display 1,Screen 1,,,response,5,,,,5284.4,,,5284.4,1,5284.4,,,,Response,,,Display1,disc_5_1_tab20.png,5,tab20,1,baseline,discrimination,How many distinct classes do you see?,5,1
30,1789992210000,21/09/2026 12:03:30,1789992210000,1,21/09/2026 13:03:30,229051,38,synthetic-g1,,SYN-S1-S1_PRIV_002,S1PUB002,S1_PRIV_002,,complete,SYNTHETIC,,computer,Synthetic desktop,Synthetic OS,Synthetic Browser,1920 x 1080,1440 x 900,,,,Discrimination Task G1,SYNTHETIC,G1,G1,G1,6,Display 1,Screen 1,,,response,10,,,,3697.9,,,3697.9,1,3697.9,,,,Response,,,Display1,disc_10_1_tab20.png,10,tab20,1,baseline,discrimination,How many distinct classes do you see?,10,1
31,1789992217000,21/09/2026 12:03:37,1789992217000,1,21/09/2026 13:03:37,229051,38,synthetic-g1,,SYN-S1-S1_PRIV_002,S1PUB002,S1_PRIV_002,,complete,SYNTHETIC,,computer,Synthetic desktop,Synthetic OS,Synthetic Browser,1920 x 1080,1440 x 900,,,,Discrimination Task G1,SYNTHETIC,G1,G1,G1,7,Display 1,Screen 1,,,response,5,,,,4648.3,,,4648.3,1,4648.3,,,,Response,,,Display1,disc_5_3_tab20.png,5,tab20,3,baseline,discrimination,How many distinct classes do you see?,5,1
32,1789992224000,21/09/2026 12:03:44,1789992224000,1,21/09/2026 13:03:44,229051,38,synthetic-g1,,SYN-S1-S1_PRIV_002,S1PUB002,S1_PRIV_002,,complete,SYNTHETIC,,computer,Synthetic desktop,Synthetic OS,Synthetic Browser,1920 x 1080,1440 x 900,,,,Discrimination Task G1,SYNTHETIC,G1,G1,G1,8,Display 1,Screen 1,,,response,30,,,,4818.4,,,4818.4,1,4818.4,,,,Response,,,Display1,disc_30_1_tab20.png,30,tab20,1,baseline,discrimination,How many distinct classes do you see?,30,1
33,1789992231000,21/09/2026 12:03:51,1789992231000,1,21/09/2026 13:03:51,229051,38,synthetic-g1,,SYN-S1-S1_PRIV_002,S1PUB002,S1_PRIV_002,,complete,SYNTHETIC,,computer,Synthetic desktop,Synthetic OS,Synthetic Browser,1920 x 1080,1440 x 900,,,,Discrimination Task G1,SYNTHETIC,G1,G1,G1,9,Display 1,Screen 1,,,response,15,,,,5779.5,,,5779.5,0,5779.5,,,,Response,,,Display1,disc_20_2_tab20.png,20,tab20,2,baseline,discrimination,How many distinct classes do you see?,20,1
34,1789992238000,21/09/2026 12:03:58,1789992238000,1,21/09/2026 13:03:58,229051,38,synthetic-g1,,SYN-S1-S1_PRIV_002,S1PUB002,S1_PRIV_002,,complete,SYNTHETIC,,computer,Synthetic desktop,Synthetic OS,Synthetic Browser,1920 x 1080,1440 x 900,,,,Discrimination Task G1,SYNTHETIC,G1,G1,G1,10,Display 1,Screen 1,,,response,25,,,,14345.3,,,14345.3,0,14345.3,,,,Response,,,Display1,disc_30_2_tab20.png,30,tab20,2,baseline,discrimination,How many distinct classes do you see?,30,1
35,1789992245000,21/09/2026 12:04:05,1789992245000,1,21/09/2026 13:04:05,229051,38,synthetic-g1,,SYN-S1-S1_PRIV_002,S1PUB002,S1_PRIV_002,,complete,SYNTHETIC,,computer,Synthetic desktop,Synthetic OS,Synthetic Browser,1920 x 1080,1440 x 900,,,,Discrimination Task G1,SYNTHETIC,G1,G1,G1,11,Display 1,Screen 1,,,response,30,,,,4644.8,,,4644.8,1,4644.8,,,,Response,,,Display1,disc_30_3_tab20sa.png,30,tab20sa,3,sa,discrimination,How many distinct classes do you see?,30,1
36,1789992252000,21/09/2026 12:04:12,1789992252000,1,21/09/2026 13:04:12,229051,38,synthetic-g1,,SYN-S1-S1_PRIV_002,S1PUB002,S1_PRIV_002,,complete,SYNTHETIC,,computer,Synthetic desktop,Synthetic OS,Synthetic Browser,1920 x 1080,1440 x 900,,,,Discrimination Task G1,SYNTHETIC,G1,G1,G1,12,Display 1,Screen 1,,,response,10,,,,4177.4,,,4177.4,1,4177.4,,,,Response,,,Display1,disc_10_1_tab20sa.png,10,tab20sa,1,sa,discrimination,How many distinct classes do you see?,10,1
37,1789992259000,21/09/2026 12:04:19,1789992259000,1,21/09/2026 13:04:19,229051,38,synthetic-g1,,SYN-S1-S1_PRIV_002,S1PUB002,S1_PRIV_002,,complete,SYNTHETIC,,computer,Synthetic desktop,Synthetic OS,Synthetic Browser,1920 x 1080,1440 x 900,,,,Discrimination Task G1,SYNTHETIC,G1,G1,G1,13,Display 1,Screen 1,,,response,20,,,,12491.7,,,12491.7,1,12491.7,,,,Response,,,Display1,disc_20_3_tab20sa.png,20,tab20sa,3,sa,discrimination,How many distinct classes do you see?,20,1
38,1789992266000,21/09/2026 12:04:26,1789992266000,1,21/09/2026 13:04:26,229051,38,synthetic-g1,,SYN-S1-S1_PRIV_002,S1PUB002,S1_PRIV_002,,complete,SYNTHETIC,,computer,Synthetic desktop,Synthetic OS,Synthetic Browser,1920 x 1080,1440 x 900,,,,Discrimination Task G1,SYNTHETIC,G1,G1,G1,14,Display 1,Screen 1,,,response,10,,,,13459.9,,,13459.9,1,13459.9,,,,Response,,,Display1,disc_10_3_tab20.png,10,tab20,3,baseline,discrimination,How many distinct classes do you see?,10,1
39,1789992273000,21/09/2026 12:04:33,1789992273000,1,21/09/2026 13:04:33,229051,38,synthetic-g1,,SYN-S1-S1_PRIV_002,S1PUB002,S1_PRIV_002,,complete,SYNTHETIC,,computer,Synthetic desktop,Synthetic OS,Synthetic Browser,1920 x 1080,1440 x 900,,,,Discrimination Task G1,SYNTHETIC,G1,G1,G1,15,Display 1,Screen 1,,,response,30,,,,8876.1,,,8876.1,1,8876.1,,,,Response,,,Display1,disc_30_2_tab20sa.png,30,tab20sa,2,sa,discrimination,How many distinct classes do you see?,30,1
40,1789992280000,21/09/2026 12:04:40,1789992280000,1,21/09/2026 13:04:40,229051,38,synthetic-g1,,SYN-S1-S1_PRIV_002,S1PUB002,S1_PRIV_002,,complete,SYNTHETIC,,computer,Synthetic desktop,Synthetic OS,Synthetic Browser,1920 x 1080,1440 x 900,,,,Discrimination Task G1,SYNTHETIC,G1,G1,G1,16,Display 1,Screen 1,,,response,15,,,,4429.3,,,4429.3,0,4429.3,,,,Response,,,Display1,disc_20_1_tab20sa.png,20,tab20sa,1,sa,discrimination,How many distinct classes do you see?,20,1
41,1789992287000,21/09/2026 12:04:47,1789992287000,1,21/09/2026 13:04:47,229051,38,synthetic-g1,,SYN-S1-S1_PRIV_002,S1PUB002,S1_PRIV_002,,complete,SYNTHETIC,,computer,Synthetic desktop,Synthetic OS,Synthetic Browser,1920 x 1080,1440 x 900,,,,Discrimination Task G1,SYNTHETIC,G1,G1,G1,17,Display 1,Screen 1,,,response,5,,,,4973.3,,,4973.3,1,4973.3,,,,Response,,,Display1,disc_5_2_tab20sa.png,5,tab20sa,2,sa,discrimination,How many distinct classes do you see?,5,1
42,1789992294000,21/09/2026 12:04:54,1789992294000,1,21/09/2026 13:04:54,229051,38,synthetic-g1,,SYN-S1-S1_PRIV_002,S1PUB002,S1_PRIV_002,,complete,SYNTHETIC,,computer,Synthetic desktop,Synthetic OS,Synthetic Browser,1920 x 1080,1440 x 900,,,,Discrimination Task G1,SYNTHETIC,G1,G1,G1,18,Display 1,Screen 1,,,response,10,,,,2954.2,,,2954.2,1,2954.2,,,,Response,,,Display1,disc_10_2_tab20sa.png,10,tab20sa,2,sa,discrimination,How many distinct classes do you see?,10,1
43,1789992301000,21/09/2026 12:05:01,1789992301000,1,21/09/2026 13:05:01,229051,38,synthetic-g1,,SYN-S1-S1_PRIV_002,S1PUB002,S1_PRIV_002,,complete,SYNTHETIC,,computer,Synthetic desktop,Synthetic OS,Synthetic Browser,1920 x 1080,1440 x 900,,,,Discrimination Task G1,SYNTHETIC,G1,G1,G1,19,Display 1,Screen 1,,,response,10,,,,3064.0,,,3064.0,1,3064.0,,,,Response,,,Display1,disc_10_3_tab20sa.png,10,tab20sa,3,sa,discrimination,How many distinct classes do you see?,10,1
44,1789992308000,21/09/2026 12:05:08,1789992308000,1,21/09/2026 13:05:08,229051,38,synthetic-g1,,SYN-S1-S1_PRIV_002,S1PUB002,S1_PRIV_002,,complete,SYNTHETIC,,computer,Synthetic desktop,Synthetic OS,Synthetic Browser,1920 x 1080,1440 x 900,,,,Discrimination Task G1,SYNTHETIC,G1,G1,G1,20,Display 1,Screen 1,,,response,5,,,,3601.6,,,3601.6,1,3601.6,,,,Response,,,Display1,disc_5_2_tab20.png,5,tab20,2,baseline,discrimination,How many distinct classes do you see?,5,1
45,1789992315000,21/09/2026 12:05:15,1789992315000,1,21/09/2026 13:05:15,229051,38,synthetic-g1,,SYN-S1-S1_PRIV_002,S1PUB002,S1_PRIV_002,,complete,SYNTHETIC,,computer,Synthetic desktop,Synthetic OS,Synthetic Browser,1920 x 1080,1440 x 900,,,,Discrimination Task G1,SYNTHETIC,G1,G1,G1,21,Display 1,Screen 1,,,response,25,,,,8986.2,,,8986.2,0,8986.2,,,,Response,,,Display1,disc_20_3_tab20.png,20,tab20,3,baseline,discrimination,How many distinct classes do you see?,20,1
46,1789992322000,21/09/2026 12:05:22,1789992322000,1,21/09/2026 13:05:22,229051,38,synthetic-g1,,SYN-S1-S1_PRIV_002,S1PUB002,S1_PRIV_002,,complete,SYNTHETIC,,computer,Synthetic desktop,Synthetic OS,Synthetic Browser,1920 x 1080,1440 x 900,,,,Discrimination Task G1,SYNTHETIC,G1,G1,G1,22,Display 1,Screen 1,,,response,25,,,,11202.6,,,11202.6,0,11202.6,,,,Response,,,Display1,disc_30_3_tab20.png,30,tab20,3,baseline,discrimination,How many distinct classes do you see?,30,1
47,1789992329000,21/09/2026 12:05:29,1789992329000,1,21/09/2026 13:05:29,229051,38,synthetic-g1,,SYN-S1-S1_PRIV_002,S1PUB002,S1_PRIV_002,,complete,SYNTHETIC,,computer,Synthetic desktop,Synthetic OS,Synthetic Browser,1920 x 1080,1440 x 900,,,,Discrimination Task G1,SYNTHETIC,G1,G1,G1,23,Display 1,Screen 1,,,response,25,,,,11068.9,,,11068.9,0,11068.9,,,,Response,,,Display1,disc_20_1_tab20.png,20,tab20,1,baseline,discrimination,How many distinct classes do you see?,20,1
48,1789992336000,21/09/2026 12:05:36,1789992336000,1,21/09/2026 13:05:36,229051,38,synthetic-g1,,SYN-S1-S1_PRIV_002,S1PUB002,S1_PRIV_002,,complete,SYNTHETIC,,computer,Synthetic desktop,Synthetic OS,Synthetic Browser,1920 x 1080,1440 x 900,,,,Discrimination Task G1,SYNTHETIC,G1,G1,G1,24,Display 1,Screen 1,,,response,5,,,,3718.9,,,3718.9,1,3718.9,,,,Response,,,Display1,disc_5_3_tab20sa.png,5,tab20sa,3,sa,discrimination,How many distinct classes do you see?,5,1
49,1789992343000,21/09/2026 12:05:43,1789992343000,1,21/09/2026 13:05:43,229051,38,synthetic-g1,,SYN-S1-S1_PRIV_003,S1PUB003,S1_PRIV_003,,complete,SYNTHETIC,,computer,Synthetic desktop,Synthetic OS,Synthetic Browser,1920 x 1080,1440 x 900,,,,Discrimination Task G1,SYNTHETIC,G1,G1,G1,1,Display 1,Screen 1,,,response,20,,,,12183.0,,,12183.0,1,12183.0,,,,Response,,,Display1,disc_20_2_tab20sa.png,20,tab20sa,2,sa,discrimination,How many distinct classes do you see?,20,1
50,1789992350000,21/09/2026 12:05:50,1789992350000,1,21/09/2026 13:05:50,229051,38,synthetic-g1,,SYN-S1-S1_PRIV_003,S1PUB003,S1_PRIV_003,,complete,SYNTHETIC,,computer,Synthetic desktop,Synthetic OS,Synthetic Browser,1920 x 1080,1440 x 900,,,,Discrimination Task G1,SYNTHETIC,G1,G1,G1,2,Display 1,Screen 1,,,response,20,,,,4344.8,,,4344.8,1,4344.8,,,,Response,,,Display1,disc_20_2_tab20.png,20,tab20,2,baseline,discrimination,How many distinct classes do you see?,20,1
51,1789992357000,21/09/2026 12:05:57,1789992357000,1,21/09/2026 13:05:57,229051,38,synthetic-g1,,SYN-S1-S1_PRIV_003,S1PUB003,S1_PRIV_003,,complete,SYNTHETIC,,computer,Synthetic desktop,Synthetic OS,Synthetic Browser,1920 x 1080,1440 x 900,,,,Discrimination Task G1,SYNTHETIC,G1,G1,G1,3,Display 1,Screen 1,,,response,25,,,,11922.4,,,11922.4,0,11922.4,,,,Response,,,Display1,disc_30_1_tab20sa.png,30,tab20sa,1,sa,discrimination,How many distinct classes do you see?,30,1
52,1789992364000,21/09/2026 12:06:04,1789992364000,1,21/09/2026 13:06:04,229051,38,synthetic-g1,,SYN-S1-S1_PRIV_003,S1PUB003,S1_PRIV_003,,complete,SYNTHETIC,,computer,Synthetic desktop,Synthetic OS,Synthetic Browser,1920 x 1080,1440 x 900,,,,Discrimination Task G1,SYNTHETIC,G1,G1,G1,4,Display 1,Screen 1,,,response,10,,,,3862.4,,,3862.4,1,3862.4,,,,Response,,,Display1,disc_10_3_tab20.png,10,tab20,3,baseline,discrimination,How many distinct classes do you see?,10,1
53,1789992371000,21/09/2026 12:06:11,1789992371000,1,21/09/2026 13:06:11,229051,38,synthetic-g1,,SYN-S1-S1_PRIV_003,S1PUB003,S1_PRIV_003,,complete,SYNTHETIC,,computer,Synthetic desktop,Synthetic OS,Synthetic Browser,1920 x 1080,1440 x 900,,,,Discrimination Task G1,SYNTHETIC,G1,G1,G1,5,Display 1,Screen 1,,,response,5,,,,3355.6,,,3355.6,1,3355.6,,,,Response,,,Display1,disc_5_3_tab20.png,5,tab20,3,baseline,discrimination,How many distinct classes do you see?,5,1
54,1789992378000,21/09/2026 12:06:18,1789992378000,1,21/09/2026 13:06:18,229051,38,synthetic-g1,,SYN-S1-S1_PRIV_003,S1PUB003,S1_PRIV_003,,complete,SYNTHETIC,,computer,Synthetic desktop,Synthetic OS,Synthetic Browser,1920 x 1080,1440 x 900,,,,Discrimination Task G1,SYNTHETIC,G1,G1,G1,6,Display 1,Screen 1,,,response,20,,,,8573.3,,,8573.3,1,8573.3,,,,Response,,,Display1,disc_20_3_tab20sa.png,20,tab20sa,3,sa,discrimination,How many distinct classes do you see?,20,1
55,1789992385000,21/09/2026 12:06:25,1789992385000,1,21/09/2026 13:06:25,229051,38,synthetic-g1,,SYN-S1-S1_PRIV_003,S1PUB003,S1_PRIV_003,,complete,SYNTHETIC,,computer,Synthetic desktop,Synthetic OS,Synthetic Browser,1920 x 1080,1440 x 900,,,,Discrimination Task G1,SYNTHETIC,G1,G1,G1,7,Display 1,Screen 1,,,response,10,,,,2563.4,,,2563.4,1,2563.4,,,,Response,,,Display1,disc_10_1_tab20.png,10,tab20,1,baseline,discrimination,How many distinct classes do you see?,10,1
56,1789992392000,21/09/2026 12:06:32,1789992392000,1,21/09/2026 13:06:32,229051,38,synthetic-g1,,SYN-S1-S1_PRIV_003,S1PUB003,S1_PRIV_003,,complete,SYNTHETIC,,computer,Synthetic desktop,Synthetic OS,Synthetic Browser,1920 x 1080,1440 x 900,,,,Discrimination Task G1,SYNTHETIC,G1,G1,G1,8,Display 1,Screen 1,,,response,30,,,,8282.1,,,8282.1,1,8282.1,,,,Response,,,Display1,disc_30_2_tab20.png,30,tab20,2,baseline,discrimination,How many distinct classes do you see?,30,1
57,1789992399000,21/09/2026 12:06:39,1789992399000,1,21/09/2026 13:06:39,229051,38,synthetic-g1,,SYN-S1-S1_PRIV_003,S1PUB003,S1_PRIV_003,,complete,SYNTHETIC,,computer,Synthetic desktop,Synthetic OS,Synthetic Browser,1920 x 1080,1440 x 900,,,,Discrimination Task G1,SYNTHETIC,G1,G1,G1,9,Display 1,Screen 1,,,response,30,,,,6635.7,,,6635.7,1,6635.7,,,,Response,,,Display1,disc_30_1_tab20.png,30,tab20,1,baseline,discrimination,How many distinct classes do you see?,30,1
58,1789992406000,21/09/2026 12:06:46,1789992406000,1,21/09/2026 13:06:46,229051,38,synthetic-g1,,SYN-S1-S1_PRIV_003,S1PUB003,S1_PRIV_003,,complete,SYNTHETIC,,computer,Synthetic desktop,Synthetic OS,Synthetic Browser,1920 x 1080,1440 x 900,,,,Discrimination Task G1,SYNTHETIC,G1,G1,G1,10,Display 1,Screen 1,,,response,30,,,,8984.9,,,8984.9,1,8984.9,,,,Response,,,Display1,disc_30_3_tab20.png,30,tab20,3,baseline,discrimination,How many distinct classes do you see?,30,1
59,1789992413000,21/09/2026 12:06:53,1789992413000,1,21/09/2026 13:06:53,229051,38,synthetic-g1,,SYN-S1-S1_PRIV_003,S1PUB003,S1_PRIV_003,,complete,SYNTHETIC,,computer,Synthetic desktop,Synthetic OS,Synthetic Browser,1920 x 1080,1440 x 900,,,,Discrimination Task G1,SYNTHETIC,G1,G1,G1,11,Display 1,Screen 1,,,response,10,,,,4248.3,,,4248.3,1,4248.3,,,,Response,,,Display1,disc_10_2_tab20sa.png,10,tab20sa,2,sa,discrimination,How many distinct classes do you see?,10,1
60,1789992420000,21/09/2026 12:07:00,1789992420000,1,21/09/2026 13:07:00,229051,38,synthetic-g1,,SYN-S1-S1_PRIV_003,S1PUB003,S1_PRIV_003,,complete,SYNTHETIC,,computer,Synthetic desktop,Synthetic OS,Synthetic Browser,1920 x 1080,1440 x 900,,,,Discrimination Task G1,SYNTHETIC,G1,G1,G1,12,Display 1,Screen 1,,,response,5,,,,4042.1,,,4042.1,1,4042.1,,,,Response,,,Display1,disc_5_3_tab20sa.png,5,tab20sa,3,sa,discrimination,How many distinct classes do you see?,5,1
61,1789992427000,21/09/2026 12:07:07,1789992427000,1,21/09/2026 13:07:07,229051,38,synthetic-g1,,SYN-S1-S1_PRIV_003,S1PUB003,S1_PRIV_003,,complete,SYNTHETIC,,computer,Synthetic desktop,Synthetic OS,Synthetic Browser,1920 x 1080,1440 x 900,,,,Discrimination Task G1,SYNTHETIC,G1,G1,G1,13,Display 1,Screen 1,,,response,5,,,,3257.0,,,3257.0,1,3257.0,,,,Response,,,Display1,disc_5_2_tab20.png,5,tab20,2,baseline,discrimination,How many distinct classes do you see?,5,1
62,1789992434000,21/09/2026 12:07:14,1789992434000,1,21/09/2026 13:07:14,229051,38,synthetic-g1,,SYN-S1-S1_PRIV_003,S1PUB003,S1_PRIV_003,,complete,SYNTHETIC,,computer,Synthetic desktop,Synthetic OS,Synthetic Browser,1920 x 1080,1440 x 900,,,,Discrimination Task G1,SYNTHETIC,G1,G1,G1,14,Display 1,Screen 1,,,response,10,,,,7422.5,,,7422.5,1,7422.5,,,,Response,,,Display1,disc_10_3_tab20sa.png,10,tab20sa,3,sa,discrimination,How many distinct classes do you see?,10,1
63,1789992441000,21/09/2026 12:07:21,1789992441000,1,21/09/2026 13:07:21,229051,38,synthetic-g1,,SYN-S1-S1_PRIV_003,S1PUB003,S1_PRIV_003,,complete,SYNTHETIC,,computer,Synthetic desktop,Synthetic OS,Synthetic Browser,1920 x 1080,1440 x 900,,,,Discrimination Task G1,SYNTHETIC,G1,G1,G1,15,Display 1,Screen 1,,,response,10,,,,6505.2,,,6505.2,1,6505.2,,,,Response,,,Display1,disc_10_1_tab20sa.png,10,tab20sa,1,sa,discrimination,How many distinct classes do you see?,10,1
64,1789992448000,21/09/2026 12:07:28,1789992448000,1,21/09/2026 13:07:28,229051,38,synthetic-g1,,SYN-S1-S1_PRIV_003,S1PUB003,S1_PRIV_003,,complete,SYNTHETIC,,computer,Synthetic desktop,Synthetic OS,Synthetic Browser,1920 x 1080,1440 x 900,,,,Discrimination Task G1,SYNTHETIC,G1,G1,G1,16,Display 1,Screen 1,,,response,20,,,,6825.7,,,6825.7,1,6825.7,,,,Response,,,Display1,disc_20_1_tab20.png,20,tab20,1,baseline,discrimination,How many distinct classes do you see?,20,1
65,1789992455000,21/09/2026 12:07:35,1789992455000,1,21/09/2026 13:07:35,229051,38,synthetic-g1,,SYN-S1-S1_PRIV_003,S1PUB003,S1_PRIV_003,,complete,SYNTHETIC,,computer,Synthetic desktop,Synthetic OS,Synthetic Browser,1920 x 1080,1440 x 900,,,,Discrimination Task G1,SYNTHETIC,G1,G1,G1,17,Display 1,Screen 1,,,response,20,,,,2837.5,,,2837.5,1,2837.5,,,,Response,,,Display1,disc_20_1_tab20sa.png,20,tab20sa,1,sa,discrimination,How many distinct classes do you see?,20,1
66,1789992462000,21/09/2026 12:07:42,1789992462000,1,21/09/2026 13:07:42,229051,38,synthetic-g1,,SYN-S1-S1_PRIV_003,S1PUB003,S1_PRIV_003,,complete,SYNTHETIC,,computer,Synthetic desktop,Synthetic OS,Synthetic Browser,1920 x 1080,1440 x 900,,,,Discrimination Task G1,SYNTHETIC,G1,G1,G1,18,Display 1,Screen 1,,,response,30,,,,7163.4,,,7163.4,1,7163.4,,,,Response,,,Display1,disc_30_3_tab20sa.png,30,tab20sa,3,sa,discrimination,How many distinct classes do you see?,30,1
67,1789992469000,21/09/2026 12:07:49,1789992469000,1,21/09/2026 13:07:49,229051,38,synthetic-g1,,SYN-S1-S1_PRIV_003,S1PUB003,S1_PRIV_003,,complete,SYNTHETIC,,computer,Synthetic desktop,Synthetic OS,Synthetic Browser,1920 x 1080,1440 x 900,,,,Discrimination Task G1,SYNTHETIC,G1,G1,G1,19,Display 1,Screen 1,,,response,30,,,,3937.1,,,3937.1,1,3937.1,,,,Response,,,Display1,disc_30_2_tab20sa.png,30,tab20sa,2,sa,discrimination,How many distinct classes do you see?,30,1
68,1789992476000,21/09/2026 12:07:56,1789992476000,1,21/09/2026 13:07:56,229051,38,synthetic-g1,,SYN-S1-S1_PRIV_003,S1PUB003,S1_PRIV_003,,complete,SYNTHETIC,,computer,Synthetic desktop,Synthetic OS,Synthetic Browser,1920 x 1080,1440 x 900,,,,Discrimination Task G1,SYNTHETIC,G1,G1,G1,20,Display 1,Screen 1,,,response,5,,,,3324.8,,,3324.8,1,3324.8,,,,Response,,,Display1,disc_5_1_tab20sa.png,5,tab20sa,1,sa,discrimination,How many distinct classes do you see?,5,1
69,1789992483000,21/09/2026 12:08:03,1789992483000,1,21/09/2026 13:08:03,229051,38,synthetic-g1,,SYN-S1-S1_PRIV_003,S1PUB003,S1_PRIV_003,,complete,SYNTHETIC,,computer,Synthetic desktop,Synthetic OS,Synthetic Browser,1920 x 1080,1440 x 900,,,,Discrimination Task G1,SYNTHETIC,G1,G1,G1,21,Display 1,Screen 1,,,response,20,,,,9944.6,,,9944.6,1,9944.6,,,,Response,,,Display1,disc_20_3_tab20.png,20,tab20,3,baseline,discrimination,How many distinct classes do you see?,20,1
70,1789992490000,21/09/2026 12:08:10,1789992490000,1,21/09/2026 13:08:10,229051,38,synthetic-g1,,SYN-S1-S1_PRIV_003,S1PUB003,S1_PRIV_003,,complete,SYNTHETIC,,computer,Synthetic desktop,Synthetic OS,Synthetic Browser,1920 x 1080,1440 x 900,,,,Discrimination Task G1,SYNTHETIC,G1,G1,G1,22,Display 1,Screen 1,,,response,5,,,,2536.0,,,2536.0,1,2536.0,,,,Response,,,Display1,disc_5_2_tab20sa.png,5,tab20sa,2,sa,discrimination,How many distinct classes do you see?,5,1
71,1789992497000,21/09/2026 12:08:17,1789992497000,1,21/09/2026 13:08:17,229051,38,synthetic-g1,,SYN-S1-S1_PRIV_003,S1PUB003,S1_PRIV_003,,complete,SYNTHETIC,,computer,Synthetic desktop,Synthetic OS,Synthetic Browser,1920 x 1080,1440 x 900,,,,Discrimination Task G1,SYNTHETIC,G1,G1,G1,23,Display 1,Screen 1,,,response,5,,,,3520.3,,,3520.3,1,3520.3,,,,Response,,,Display1,disc_5_1_tab20.png,5,tab20,1,baseline,discrimination,How many distinct classes do you see?,5,1
72,1789992504000,21/09/2026 12:08:24,1789992504000,1,21/09/2026 13:08:24,229051,38,synthetic-g1,,SYN-S1-S1_PRIV_003,S1PUB003,S1_PRIV_003,,complete,SYNTHETIC,,computer,Synthetic desktop,Synthetic OS,Synthetic Browser,1920 x 1080,1440 x 900,,,,Discrimination Task G1,SYNTHETIC,G1,G1,G1,24,Display 1,Screen 1,,,response,10,,,,3613.5,,,3613.5,1,3613.5,,,,Response,,,Display1,disc_10_2_tab20.png,10,tab20,2,baseline,discrimination,How many distinct classes do you see?,10,1
73,1789992511000,21/09/2026 12:08:31,1789992511000,1,21/09/2026 13:08:31,229051,38,synthetic-g1,,SYN-S1-S1_PRIV_004,S1PUB004,S1_PRIV_004,,complete,SYNTHETIC,,computer,Synthetic desktop,Synthetic OS,Synthetic Browser,1920 x 1080,1440 x 900,,,,Discrimination Task G1,SYNTHETIC,G1,G1,G1,1,Display 1,Screen 1,,,response,30,,,,6402.4,,,6402.4,1,6402.4,,,,Response,,,Display1,disc_30_1_tab20sa.png,30,tab20sa,1,sa,discrimination,How many distinct classes do you see?,30,1
74,1789992518000,21/09/2026 12:08:38,1789992518000,1,21/09/2026 13:08:38,229051,38,synthetic-g1,,SYN-S1-S1_PRIV_004,S1PUB004,S1_PRIV_004,,complete,SYNTHETIC,,computer,Synthetic desktop,Synthetic OS,Synthetic Browser,1920 x 1080,1440 x 900,,,,Discrimination Task G1,SYNTHETIC,G1,G1,G1,2,Display 1,Screen 1,,,response,5,,,,1933.7,,,1933.7,1,1933.7,,,,Response,,,Display1,disc_5_1_tab20.png,5,tab20,1,baseline,discrimination,How many distinct classes do you see?,5,1
75,1789992525000,21/09/2026 12:08:45,1789992525000,1,21/09/2026 13:08:45,229051,38,synthetic-g1,,SYN-S1-S1_PRIV_004,S1PUB004,S1_PRIV_004,,complete,SYNTHETIC,,computer,Synthetic desktop,Synthetic OS,Synthetic Browser,1920 x 1080,1440 x 900,,,,Discrimination Task G1,SYNTHETIC,G1,G1,G1,3,Display 1,Screen 1,,,response,10,,,,5926.7,,,5926.7,1,5926.7,,,,Response,,,Display1,disc_10_3_tab20sa.png,10,tab20sa,3,sa,discrimination,How many distinct classes do you see?,10,1
76,1789992532000,21/09/2026 12:08:52,1789992532000,1,21/09/2026 13:08:52,229051,38,synthetic-g1,,SYN-S1-S1_PRIV_004,S1PUB004,S1_PRIV_004,,complete,SYNTHETIC,,computer,Synthetic desktop,Synthetic OS,Synthetic Browser,1920 x 1080,1440 x 900,,,,Discrimination Task G1,SYNTHETIC,G1,G1,G1,4,Display 1,Screen 1,,,response,30,,,,15147.9,,,15147.9,1,15147.9,,,,Response,,,Display1,disc_30_3_tab20.png,30,tab20,3,baseline,discrimination,How many distinct classes do you see?,30,1
77,1789992539000,21/09/2026 12:08:59,1789992539000,1,21/09/2026 13:08:59,229051,38,synthetic-g1,,SYN-S1-S1_PRIV_004,S1PUB004,S1_PRIV_004,,complete,SYNTHETIC,,computer,Synthetic desktop,Synthetic OS,Synthetic Browser,1920 x 1080,1440 x 900,,,,Discrimination Task G1,SYNTHETIC,G1,G1,G1,5,Display 1,Screen 1,,,response,30,,,,11592.3,,,11592.3,1,11592.3,,,,Response,,,Display1,disc_30_2_tab20sa.png,30,tab20sa,2,sa,discrimination,How many distinct classes do you see?,30,1
78,1789992546000,21/09/2026 12:09:06,1789992546000,1,21/09/2026 13:09:06,229051,38,synthetic-g1,,SYN-S1-S1_PRIV_004,S1PUB004,S1_PRIV_004,,complete,SYNTHETIC,,computer,Synthetic desktop,Synthetic OS,Synthetic Browser,1920 x 1080,1440 x 900,,,,Discrimination Task G1,SYNTHETIC,G1,G1,G1,6,Display 1,Screen 1,,,response,10,,,,4725.0,,,4725.0,1,4725.0,,,,Response,,,Display1,disc_10_2_tab20sa.png,10,tab20sa,2,sa,discrimination,How many distinct classes do you see?,10,1
79,1789992553000,21/09/2026 12:09:13,1789992553000,1,21/09/2026 13:09:13,229051,38,synthetic-g1,,SYN-S1-S1_PRIV_004,S1PUB004,S1_PRIV_004,,complete,SYNTHETIC,,computer,Synthetic desktop,Synthetic OS,Synthetic Browser,1920 x 1080,1440 x 900,,,,Discrimination Task G1,SYNTHETIC,G1,G1,G1,7,Display 1,Screen 1,,,response,30,,,,7341.9,,,7341.9,1,7341.9,,,,Response,,,Display1,disc_30_3_tab20sa.png,30,tab20sa,3,sa,discrimination,How many distinct classes do you see?,30,1
80,1789992560000,21/09/2026 12:09:20,1789992560000,1,21/09/2026 13:09:20,229051,38,synthetic-g1,,SYN-S1-S1_PRIV_004,S1PUB004,S1_PRIV_004,,complete,SYNTHETIC,,computer,Synthetic desktop,Synthetic OS,Synthetic Browser,1920 x 1080,1440 x 900,,,,Discrimination Task G1,SYNTHETIC,G1,G1,G1,8,Display 1,Screen 1,,,response,20,,,,6385.3,,,6385.3,1,6385.3,,,,Response,,,Display1,disc_20_1_tab20.png,20,tab20,1,baseline,discrimination,How many distinct classes do you see?,20,1
81,1789992567000,21/09/2026 12:09:27,1789992567000,1,21/09/2026 13:09:27,229051,38,synthetic-g1,,SYN-S1-S1_PRIV_004,S1PUB004,S1_PRIV_004,,complete,SYNTHETIC,,computer,Synthetic desktop,Synthetic OS,Synthetic Browser,1920 x 1080,1440 x 900,,,,Discrimination Task G1,SYNTHETIC,G1,G1,G1,9,Display 1,Screen 1,,,response,10,,,,8189.4,,,8189.4,1,8189.4,,,,Response,,,Display1,disc_10_1_tab20.png,10,tab20,1,baseline,discrimination,How many distinct classes do you see?,10,1
82,1789992574000,21/09/2026 12:09:34,1789992574000,1,21/09/2026 13:09:34,229051,38,synthetic-g1,,SYN-S1-S1_PRIV_004,S1PUB004,S1_PRIV_004,,complete,SYNTHETIC,,computer,Synthetic desktop,Synthetic OS,Synthetic Browser,1920 x 1080,1440 x 900,,,,Discrimination Task G1,SYNTHETIC,G1,G1,G1,10,Display 1,Screen 1,,,response,20,,,,8443.8,,,8443.8,1,8443.8,,,,Response,,,Display1,disc_20_2_tab20.png,20,tab20,2,baseline,discrimination,How many distinct classes do you see?,20,1
83,1789992581000,21/09/2026 12:09:41,1789992581000,1,21/09/2026 13:09:41,229051,38,synthetic-g1,,SYN-S1-S1_PRIV_004,S1PUB004,S1_PRIV_004,,complete,SYNTHETIC,,computer,Synthetic desktop,Synthetic OS,Synthetic Browser,1920 x 1080,1440 x 900,,,,Discrimination Task G1,SYNTHETIC,G1,G1,G1,11,Display 1,Screen 1,,,response,5,,,,4556.3,,,4556.3,1,4556.3,,,,Response,,,Display1,disc_5_3_tab20.png,5,tab20,3,baseline,discrimination,How many distinct classes do you see?,5,1
84,1789992588000,21/09/2026 12:09:48,1789992588000,1,21/09/2026 13:09:48,229051,38,synthetic-g1,,SYN-S1-S1_PRIV_004,S1PUB004,S1_PRIV_004,,complete,SYNTHETIC,,computer,Synthetic desktop,Synthetic OS,Synthetic Browser,1920 x 1080,1440 x 900,,,,Discrimination Task G1,SYNTHETIC,G1,G1,G1,12,Display 1,Screen 1,,,response,5,,,,3648.6,,,3648.6,1,3648.6,,,,Response,,,Display1,disc_5_1_tab20sa.png,5,tab20sa,1,sa,discrimination,How many distinct classes do you see?,5,1
85,1789992595000,21/09/2026 12:09:55,1789992595000,1,21/09/2026 13:09:55,229051,38,synthetic-g1,,SYN-S1-S1_PRIV_004,S1PUB004,S1_PRIV_004,,complete,SYNTHETIC,,computer,Synthetic desktop,Synthetic OS,Synthetic Browser,1920 x 1080,1440 x 900,,,,Discrimination Task G1,SYNTHETIC,G1,G1,G1,13,Display 1,Screen 1,,,response,10,,,,8686.1,,,8686.1,1,8686.1,,,,Response,,,Display1,disc_10_3_tab20.png,10,tab20,3,baseline,discrimination,How many distinct classes do you see?,10,1
86,1789992602000,21/09/2026 12:10:02,1789992602000,1,21/09/2026 13:10:02,229051,38,synthetic-g1,,SYN-S1-S1_PRIV_004,S1PUB004,S1_PRIV_004,,complete,SYNTHETIC,,computer,Synthetic desktop,Synthetic OS,Synthetic Browser,1920 x 1080,1440 x 900,,,,Discrimination Task G1,SYNTHETIC,G1,G1,G1,14,Display 1,Screen 1,,,response,30,,,,6372.9,,,6372.9,1,6372.9,,,,Response,,,Display1,disc_30_2_tab20.png,30,tab20,2,baseline,discrimination,How many distinct classes do you see?,30,1
87,1789992609000,21/09/2026 12:10:09,1789992609000,1,21/09/2026 13:10:09,229051,38,synthetic-g1,,SYN-S1-S1_PRIV_004,S1PUB004,S1_PRIV_004,,complete,SYNTHETIC,,computer,Synthetic desktop,Synthetic OS,Synthetic Browser,1920 x 1080,1440 x 900,,,,Discrimination Task G1,SYNTHETIC,G1,G1,G1,15,Display 1,Screen 1,,,response,10,,,,4215.3,,,4215.3,1,4215.3,,,,Response,,,Display1,disc_10_2_tab20.png,10,tab20,2,baseline,discrimination,How many distinct classes do you see?,10,1
88,1789992616000,21/09/2026 12:10:16,1789992616000,1,21/09/2026 13:10:16,229051,38,synthetic-g1,,SYN-S1-S1_PRIV_004,S1PUB004,S1_PRIV_004,,complete,SYNTHETIC,,computer,Synthetic desktop,Synthetic OS,Synthetic Browser,1920 x 1080,1440 x 900,,,,Discrimination Task G1,SYNTHETIC,G1,G1,G1,16,Display 1,Screen 1,,,response,10,,,,4011.2,,,4011.2,1,4011.2,,,,Response,,,Display1,disc_10_1_tab20sa.png,10,tab20sa,1,sa,discrimination,How many distinct classes do you see?,10,1
89,1789992623000,21/09/2026 12:10:23,1789992623000,1,21/09/2026 13:10:23,229051,38,synthetic-g1,,SYN-S1-S1_PRIV_004,S1PUB004,S1_PRIV_004,,complete,SYNTHETIC,,computer,Synthetic desktop,Synthetic OS,Synthetic Browser,1920 x 1080,1440 x 900,,,,Discrimination Task G1,SYNTHETIC,G1,G1,G1,17,Display 1,Screen 1,,,response,5,,,,4980.7,,,4980.7,1,4980.7,,,,Response,,,Display1,disc_5_2_tab20.png,5,tab20,2,baseline,discrimination,How many distinct classes do you see?,5,1
90,1789992630000,21/09/2026 12:10:30,1789992630000,1,21/09/2026 13:10:30,229051,38,synthetic-g1,,SYN-S1-S1_PRIV_004,S1PUB004,S1_PRIV_004,,complete,SYNTHETIC,,computer,Synthetic desktop,Synthetic OS,Synthetic Browser,1920 x 1080,1440 x 900,,,,Discrimination Task G1,SYNTHETIC,G1,G1,G1,18,Display 1,Screen 1,,,response,25,,,,8567.4,,,8567.4,0,8567.4,,,,Response,,,Display1,disc_30_1_tab20.png,30,tab20,1,baseline,discrimination,How many distinct classes do you see?,30,1
91,1789992637000,21/09/2026 12:10:37,1789992637000,1,21/09/2026 13:10:37,229051,38,synthetic-g1,,SYN-S1-S1_PRIV_004,S1PUB004,S1_PRIV_004,,complete,SYNTHETIC,,computer,Synthetic desktop,Synthetic OS,Synthetic Browser,1920 x 1080,1440 x 900,,,,Discrimination Task G1,SYNTHETIC,G1,G1,G1,19,Display 1,Screen 1,,,response,5,,,,3527.5,,,3527.5,1,3527.5,,,,Response,,,Display1,disc_5_3_tab20sa.png,5,tab20sa,3,sa,discrimination,How many distinct classes do you see?,5,1
92,1789992644000,21/09/2026 12:10:44,1789992644000,1,21/09/2026 13:10:44,229051,38,synthetic-g1,,SYN-S1-S1_PRIV_004,S1PUB004,S1_PRIV_004,,complete,SYNTHETIC,,computer,Synthetic desktop,Synthetic OS,Synthetic Browser,1920 x 1080,1440 x 900,,,,Discrimination Task G1,SYNTHETIC,G1,G1,G1,20,Display 1,Screen 1,,,response,20,,,,2994.8,,,2994.8,1,2994.8,,,,Response,,,Display1,disc_20_3_tab20.png,20,tab20,3,baseline,discrimination,How many distinct classes do you see?,20,1
93,1789992651000,21/09/2026 12:10:51,1789992651000,1,21/09/2026 13:10:51,229051,38,synthetic-g1,,SYN-S1-S1_PRIV_004,S1PUB004,S1_PRIV_004,,complete,SYNTHETIC,,computer,Synthetic desktop,Synthetic OS,Synthetic Browser,1920 x 1080,1440 x 900,,,,Discrimination Task G1,SYNTHETIC,G1,G1,G1,21,Display 1,Screen 1,,,response,20,,,,9449.9,,,9449.9,1,9449.9,,,,Response,,,Display1,disc_20_3_tab20sa.png,20,tab20sa,3,sa,discrimination,How many distinct classes do you see?,20,1
94,1789992658000,21/09/2026 12:10:58,1789992658000,1,21/09/2026 13:10:58,229051,38,synthetic-g1,,SYN-S1-S1_PRIV_004,S1PUB004,S1_PRIV_004,,complete,SYNTHETIC,,computer,Synthetic desktop,Synthetic OS,Synthetic Browser,1920 x 1080,1440 x 900,,,,Discrimination Task G1,SYNTHETIC,G1,G1,G1,22,Display 1,Screen 1,,,response,5,,,,6577.1,,,6577.1,1,6577.1,,,,Response,,,Display1,disc_5_2_tab20sa.png,5,tab20sa,2,sa,discrimination,How many distinct classes do you see?,5,1
95,1789992665000,21/09/2026 12:11:05,1789992665000,1,21/09/2026 13:11:05,229051,38,synthetic-g1,,SYN-S1-S1_PRIV_004,S1PUB004,S1_PRIV_004,,complete,SYNTHETIC,,computer,Synthetic desktop,Synthetic OS,Synthetic Browser,1920 x 1080,1440 x 900,,,,Discrimination Task G1,SYNTHETIC,G1,G1,G1,23,Display 1,Screen 1,,,response,15,,,,6768.1,,,6768.1,0,6768.1,,,,Response,,,Display1,disc_20_1_tab20sa.png,20,tab20sa,1,sa,discrimination,How many distinct classes do you see?,20,1
96,1789992672000,21/09/2026 12:11:12,1789992672000,1,21/09/2026 13:11:12,229051,38,synthetic-g1,,SYN-S1-S1_PRIV_004,S1PUB004,S1_PRIV_004,,complete,SYNTHETIC,,computer,Synthetic desktop,Synthetic OS,Synthetic Browser,1920 x 1080,1440 x 900,,,,Discrimination Task G1,SYNTHETIC,G1,G1,G1,24,Display 1,Screen 1,,,response,20,,,,6970.9,,,6970.9,1,6970.9,,,,Response,,,Display1,disc_20_2_tab20sa.png,20,tab20sa,2,sa,discrimination,How many distinct classes do you see?,20,1
97,1789992679000,21/09/2026 12:11:19,1789992679000,1,21/09/2026 13:11:19,229051,38,synthetic-g1,,SYN-S1-S1_PRIV_005,S1PUB005,S1_PRIV_005,,complete,SYNTHETIC,,computer,Synthetic desktop,Synthetic OS,Synthetic Browser,1920 x 1080,1440 x 900,,,,Discrimination Task G1,SYNTHETIC,G1,G1,G1,1,Display 1,Screen 1,,,response,10,,,,4237.8,,,4237.8,1,4237.8,,,,Response,,,Display1,disc_10_1_tab20sa.png,10,tab20sa,1,sa,discrimination,How many distinct classes do you see?,10,1
98,1789992686000,21/09/2026 12:11:26,1789992686000,1,21/09/2026 13:11:26,229051,38,synthetic-g1,,SYN-S1-S1_PRIV_005,S1PUB005,S1_PRIV_005,,complete,SYNTHETIC,,computer,Synthetic desktop,Synthetic OS,Synthetic Browser,1920 x 1080,1440 x 900,,,,Discrimination Task G1,SYNTHETIC,G1,G1,G1,2,Display 1,Screen 1,,,response,20,,,,3391.5,,,3391.5,1,3391.5,,,,Response,,,Display1,disc_20_2_tab20.png,20,tab20,2,baseline,discrimination,How many distinct classes do you see?,20,1
99,1789992693000,21/09/2026 12:11:33,1789992693000,1,21/09/2026 13:11:33,229051,38,synthetic-g1,,SYN-S1-S1_PRIV_005,S1PUB005,S1_PRIV_005,,complete,SYNTHETIC,,computer,Synthetic desktop,Synthetic OS,Synthetic Browser,1920 x 1080,1440 x 900,,,,Discrimination Task G1,SYNTHETIC,G1,G1,G1,3,Display 1,Screen 1,,,response,30,,,,6316.8,,,6316.8,1,6316.8,,,,Response,,,Display1,disc_30_1_tab20.png,30,tab20,1,baseline,discrimination,How many distinct classes do you see?,30,1
100,1789992700000,21/09/2026 12:11:40,1789992700000,1,21/09/2026 13:11:40,229051,38,synthetic-g1,,SYN-S1-S1_PRIV_005,S1PUB005,S1_PRIV_005,,complete,SYNTHETIC,,computer,Synthetic desktop,Synthetic OS,Synthetic Browser,1920 x 1080,1440 x 900,,,,Discrimination Task G1,SYNTHETIC,G1,G1,G1,4,Display 1,Screen 1,,,response,30,,,,3263.0,,,3263.0,1,3263.0,,,,Response,,,Display1,disc_30_2_tab20.png,30,tab20,2,baseline,discrimination,How many distinct classes do you see?,30,1
101,1789992707000,21/09/2026 12:11:47,1789992707000,1,21/09/2026 13:11:47,229051,38,synthetic-g1,,SYN-S1-S1_PRIV_005,S1PUB005,S1_PRIV_005,,complete,SYNTHETIC,,computer,Synthetic desktop,Synthetic OS,Synthetic Browser,1920 x 1080,1440 x 900,,,,Discrimination Task G1,SYNTHETIC,G1,G1,G1,5,Display 1,Screen 1,,,response,10,,,,5509.5,,,5509.5,1,5509.5,,,,Response,,,Display1,disc_10_3_tab20sa.png,10,tab20sa,3,sa,discrimination,How many distinct classes do you see?,10,1
102,1789992714000,21/09/2026 12:11:54,1789992714000,1,21/09/2026 13:11:54,229051,38,synthetic-g1,,SYN-S1-S1_PRIV_005,S1PUB005,S1_PRIV_005,,complete,SYNTHETIC,,computer,Synthetic desktop,Synthetic OS,Synthetic Browser,1920 x 1080,1440 x 900,,,,Discrimination Task G1,SYNTHETIC,G1,G1,G1,6,Display 1,Screen 1,,,response,30,,,,4124.0,,,4124.0,1,4124.0,,,,Response,,,Display1,disc_30_2_tab20sa.png,30,tab20sa,2,sa,discrimination,How many distinct classes do you see?,30,1
103,1789992721000,21/09/2026 12:12:01,1789992721000,1,21/09/2026 13:12:01,229051,38,synthetic-g1,,SYN-S1-S1_PRIV_005,S1PUB005,S1_PRIV_005,,complete,SYNTHETIC,,computer,Synthetic desktop,Synthetic OS,Synthetic Browser,1920 x 1080,1440 x 900,,,,Discrimination Task G1,SYNTHETIC,G1,G1,G1,7,Display 1,Screen 1,,,response,30,,,,11762.4,,,11762.4,1,11762.4,,,,Response,,,Display1,disc_30_1_tab20sa.png,30,tab20sa,1,sa,discrimination,How many distinct classes do you see?,30,1
104,1789992728000,21/09/2026 12:12:08,1789992728000,1,21/09/2026 13:12:08,229051,38,synthetic-g1,,SYN-S1-S1_PRIV_005,S1PUB005,S1_PRIV_005,,complete,SYNTHETIC,,computer,Synthetic desktop,Synthetic OS,Synthetic Browser,1920 x 1080,1440 x 900,,,,Discrimination Task G1,SYNTHETIC,G1,G1,G1,8,Display 1,Screen 1,,,response,20,,,,7021.9,,,7021.9,1,7021.9,,,,Response,,,Display1,disc_20_3_tab20sa.png,20,tab20sa,3,sa,discrimination,How many distinct classes do you see?,20,1
105,1789992735000,21/09/2026 12:12:15,1789992735000,1,21/09/2026 13:12:15,229051,38,synthetic-g1,,SYN-S1-S1_PRIV_005,S1PUB005,S1_PRIV_005,,complete,SYNTHETIC,,computer,Synthetic desktop,Synthetic OS,Synthetic Browser,1920 x 1080,1440 x 900,,,,Discrimination Task G1,SYNTHETIC,G1,G1,G1,9,Display 1,Screen 1,,,response,5,,,,3335.4,,,3335.4,1,3335.4,,,,Response,,,Display1,disc_5_2_tab20.png,5,tab20,2,baseline,discrimination,How many distinct classes do you see?,5,1
106,1789992742000,21/09/2026 12:12:22,1789992742000,1,21/09/2026 13:12:22,229051,38,synthetic-g1,,SYN-S1-S1_PRIV_005,S1PUB005,S1_PRIV_005,,complete,SYNTHETIC,,computer,Synthetic desktop,Synthetic OS,Synthetic Browser,1920 x 1080,1440 x 900,,,,Discrimination Task G1,SYNTHETIC,G1,G1,G1,10,Display 1,Screen 1,,,response,5,,,,3894.2,,,3894.2,1,3894.2,,,,Response,,,Display1,disc_5_1_tab20.png,5,tab20,1,baseline,discrimination,How many distinct classes do you see?,5,1
107,1789992749000,21/09/2026 12:12:29,1789992749000,1,21/09/2026 13:12:29,229051,38,synthetic-g1,,SYN-S1-S1_PRIV_005,S1PUB005,S1_PRIV_005,,complete,SYNTHETIC,,computer,Synthetic desktop,Synthetic OS,Synthetic Browser,1920 x 1080,1440 x 900,,,,Discrimination Task G1,SYNTHETIC,G1,G1,G1,11,Display 1,Screen 1,,,response,30,,,,8914.4,,,8914.4,1,8914.4,,,,Response,,,Display1,disc_30_3_tab20.png,30,tab20,3,baseline,discrimination,How many distinct classes do you see?,30,1
108,1789992756000,21/09/2026 12:12:36,1789992756000,1,21/09/2026 13:12:36,229051,38,synthetic-g1,,SYN-S1-S1_PRIV_005,S1PUB005,S1_PRIV_005,,complete,SYNTHETIC,,computer,Synthetic desktop,Synthetic OS,Synthetic Browser,1920 x 1080,1440 x 900,,,,Discrimination Task G1,SYNTHETIC,G1,G1,G1,12,Display 1,Screen 1,,,response,30,,,,6361.8,,,6361.8,1,6361.8,,,,Response,,,Display1,disc_30_3_tab20sa.png,30,tab20sa,3,sa,discrimination,How many distinct classes do you see?,30,1
109,1789992763000,21/09/2026 12:12:43,1789992763000,1,21/09/2026 13:12:43,229051,38,synthetic-g1,,SYN-S1-S1_PRIV_005,S1PUB005,S1_PRIV_005,,complete,SYNTHETIC,,computer,Synthetic desktop,Synthetic OS,Synthetic Browser,1920 x 1080,1440 x 900,,,,Discrimination Task G1,SYNTHETIC,G1,G1,G1,13,Display 1,Screen 1,,,response,20,,,,11980.9,,,11980.9,1,11980.9,,,,Response,,,Display1,disc_20_1_tab20.png,20,tab20,1,baseline,discrimination,How many distinct classes do you see?,20,1
110,1789992770000,21/09/2026 12:12:50,1789992770000,1,21/09/2026 13:12:50,229051,38,synthetic-g1,,SYN-S1-S1_PRIV_005,S1PUB005,S1_PRIV_005,,complete,SYNTHETIC,,computer,Synthetic desktop,Synthetic OS,Synthetic Browser,1920 x 1080,1440 x 900,,,,Discrimination Task G1,SYNTHETIC,G1,G1,G1,14,Display 1,Screen 1,,,response,10,,,,3750.9,,,3750.9,1,3750.9,,,,Response,,,Display1,disc_10_1_tab20.png,10,tab20,1,baseline,discrimination,How many distinct classes do you see?,10,1
111,1789992777000,21/09/2026 12:12:57,1789992777000,1,21/09/2026 13:12:57,229051,38,synthetic-g1,,SYN-S1-S1_PRIV_005,S1PUB005,S1_PRIV_005,,complete,SYNTHETIC,,computer,Synthetic desktop,Synthetic OS,Synthetic Browser,1920 x 1080,1440 x 900,,,,Discrimination Task G1,SYNTHETIC,G1,G1,G1,15,Display 1,Screen 1,,,response,10,,,,2508.8,,,2508.8,1,2508.8,,,,Response,,,Display1,disc_10_2_tab20.png,10,tab20,2,baseline,discrimination,How many distinct classes do you see?,10,1
112,1789992784000,21/09/2026 12:13:04,1789992784000,1,21/09/2026 13:13:04,229051,38,synthetic-g1,,SYN-S1-S1_PRIV_005,S1PUB005,S1_PRIV_005,,complete,SYNTHETIC,,computer,Synthetic desktop,Synthetic OS,Synthetic Browser,1920 x 1080,1440 x 900,,,,Discrimination Task G1,SYNTHETIC,G1,G1,G1,16,Display 1,Screen 1,,,response,5,,,,4090.7,,,4090.7,1,4090.7,,,,Response,,,Display1,disc_5_3_tab20.png,5,tab20,3,baseline,discrimination,How many distinct classes do you see?,5,1
113,1789992791000,21/09/2026 12:13:11,1789992791000,1,21/09/2026 13:13:11,229051,38,synthetic-g1,,SYN-S1-S1_PRIV_005,S1PUB005,S1_PRIV_005,,complete,SYNTHETIC,,computer,Synthetic desktop,Synthetic OS,Synthetic Browser,1920 x 1080,1440 x 900,,,,Discrimination Task G1,SYNTHETIC,G1,G1,G1,17,Display 1,Screen 1,,,response,5,,,,4697.1,,,4697.1,1,4697.1,,,,Response,,,Display1,disc_5_2_tab20sa.png,5,tab20sa,2,sa,discrimination,How many distinct classes do you see?,5,1
114,1789992798000,21/09/2026 12:13:18,1789992798000,1,21/09/2026 13:13:18,229051,38,synthetic-g1,,SYN-S1-S1_PRIV_005,S1PUB005,S1_PRIV_005,,complete,SYNTHETIC,,computer,Synthetic desktop,Synthetic OS,Synthetic Browser,1920 x 1080,1440 x 900,,,,Discrimination Task G1,SYNTHETIC,G1,G1,G1,18,Display 1,Screen 1,,,response,20,,,,8657.7,,,8657.7,1,8657.7,,,,Response,,,Display1,disc_20_2_tab20sa.png,20,tab20sa,2,sa,discrimination,How many distinct classes do you see?,20,1
115,1789992805000,21/09/2026 12:13:25,1789992805000,1,21/09/2026 13:13:25,229051,38,synthetic-g1,,SYN-S1-S1_PRIV_005,S1PUB005,S1_PRIV_005,,complete,SYNTHETIC,,computer,Synthetic desktop,Synthetic OS,Synthetic Browser,1920 x 1080,1440 x 900,,,,Discrimination Task G1,SYNTHETIC,G1,G1,G1,19,Display 1,Screen 1,,,response,5,,,,4681.1,,,4681.1,1,4681.1,,,,Response,,,Display1,disc_5_1_tab20sa.png,5,tab20sa,1,sa,discrimination,How many distinct classes do you see?,5,1
116,1789992812000,21/09/2026 12:13:32,1789992812000,1,21/09/2026 13:13:32,229051,38,synthetic-g1,,SYN-S1-S1_PRIV_005,S1PUB005,S1_PRIV_005,,complete,SYNTHETIC,,computer,Synthetic desktop,Synthetic OS,Synthetic Browser,1920 x 1080,1440 x 900,,,,Discrimination Task G1,SYNTHETIC,G1,G1,G1,20,Display 1,Screen 1,,,response,10,,,,2092.7,,,2092.7,1,2092.7,,,,Response,,,Display1,disc_10_2_tab20sa.png,10,tab20sa,2,sa,discrimination,How many distinct classes do you see?,10,1
117,1789992819000,21/09/2026 12:13:39,1789992819000,1,21/09/2026 13:13:39,229051,38,synthetic-g1,,SYN-S1-S1_PRIV_005,S1PUB005,S1_PRIV_005,,complete,SYNTHETIC,,computer,Synthetic desktop,Synthetic OS,Synthetic Browser,1920 x 1080,1440 x 900,,,,Discrimination Task G1,SYNTHETIC,G1,G1,G1,21,Display 1,Screen 1,,,response,15,,,,10041.3,,,10041.3,0,10041.3,,,,Response,,,Display1,disc_20_3_tab20.png,20,tab20,3,baseline,discrimination,How many distinct classes do you see?,20,1
118,1789992826000,21/09/2026 12:13:46,1789992826000,1,21/09/2026 13:13:46,229051,38,synthetic-g1,,SYN-S1-S1_PRIV_005,S1PUB005,S1_PRIV_005,,complete,SYNTHETIC,,computer,Synthetic desktop,Synthetic OS,Synthetic Browser,1920 x 1080,1440 x 900,,,,Discrimination Task G1,SYNTHETIC,G1,G1,G1,22,Display 1,Screen 1,,,response,5,,,,13812.9,,,13812.9,1,13812.9,,,,Response,,,Display1,disc_5_3_tab20sa.png,5,tab20sa,3,sa,discrimination,How many distinct classes do you see?,5,1
119,1789992833000,21/09/2026 12:13:53,1789992833000,1,21/09/2026 13:13:53,229051,38,synthetic-g1,,SYN-S1-S1_PRIV_005,S1PUB005,S1_PRIV_005,,complete,SYNTHETIC,,computer,Synthetic desktop,Synthetic OS,Synthetic Browser,1920 x 1080,1440 x 900,,,,Discrimination Task G1,SYNTHETIC,G1,G1,G1,23,Display 1,Screen 1,,,response,20,,,,4402.7,,,4402.7,1,4402.7,,,,Response,,,Display1,disc_20_1_tab20sa.png,20,tab20sa,1,sa,discrimination,How many distinct classes do you see?,20,1
120,1789992840000,21/09/2026 12:14:00,1789992840000,1,21/09/2026 13:14:00,229051,38,synthetic-g1,,SYN-S1-S1_PRIV_005,S1PUB005,S1_PRIV_005,,complete,SYNTHETIC,,computer,Synthetic desktop,Synthetic OS,Synthetic Browser,1920 x 1080,1440 x 900,,,,Discrimination Task G1,SYNTHETIC,G1,G1,G1,24,Display 1,Screen 1,,,response,10,,,,7530.6,,,7530.6,1,7530.6,,,,Response,,,Display1,disc_10_3_tab20.png,10,tab20,3,baseline,discrimination,How many distinct classes do you see?,10,1
121,1789992847000,21/09/2026 12:14:07,1789992847000,1,21/09/2026 13:14:07,229051,38,synthetic-g1,,SYN-S1-S1_PRIV_006,S1PUB006,S1_PRIV_006,,complete,SYNTHETIC,,computer,Synthetic desktop,Synthetic OS,Synthetic Browser,1920 x 1080,1440 x 900,,,,Discrimination Task G1,SYNTHETIC,G1,G1,G1,1,Display 1,Screen 1,,,response,5,,,,9555.6,,,9555.6,1,9555.6,,,,Response,,,Display1,disc_5_3_tab20sa.png,5,tab20sa,3,sa,discrimination,How many distinct classes do you see?,5,1
122,1789992854000,21/09/2026 12:14:14,1789992854000,1,21/09/2026 13:14:14,229051,38,synthetic-g1,,SYN-S1-S1_PRIV_006,S1PUB006,S1_PRIV_006,,complete,SYNTHETIC,,computer,Synthetic desktop,Synthetic OS,Synthetic Browser,1920 x 1080,1440 x 900,,,,Discrimination Task G1,SYNTHETIC,G1,G1,G1,2,Display 1,Screen 1,,,response,30,,,,9780.7,,,9780.7,1,9780.7,,,,Response,,,Display1,disc_30_2_tab20sa.png,30,tab20sa,2,sa,discrimination,How many distinct classes do you see?,30,1
123,1789992861000,21/09/2026 12:14:21,1789992861000,1,21/09/2026 13:14:21,229051,38,synthetic-g1,,SYN-S1-S1_PRIV_006,S1PUB006,S1_PRIV_006,,complete,SYNTHETIC,,computer,Synthetic desktop,Synthetic OS,Synthetic Browser,1920 x 1080,1440 x 900,,,,Discrimination Task G1,SYNTHETIC,G1,G1,G1,3,Display 1,Screen 1,,,response,20,,,,5290.6,,,5290.6,1,5290.6,,,,Response,,,Display1,disc_20_2_tab20.png,20,tab20,2,baseline,discrimination,How many distinct classes do you see?,20,1
124,1789992868000,21/09/2026 12:14:28,1789992868000,1,21/09/2026 13:14:28,229051,38,synthetic-g1,,SYN-S1-S1_PRIV_006,S1PUB006,S1_PRIV_006,,complete,SYNTHETIC,,computer,Synthetic desktop,Synthetic OS,Synthetic Browser,1920 x 1080,1440 x 900,,,,Discrimination Task G1,SYNTHETIC,G1,G1,G1,4,Display 1,Screen 1,,,response,30,,,,5107.3,,,5107.3,1,5107.3,,,,Response,,,Display1,disc_30_2_tab20.png,30,tab20,2,baseline,discrimination,How many distinct classes do you see?,30,1
125,1789992875000,21/09/2026 12:14:35,1789992875000,1,21/09/2026 13:14:35,229051,38,synthetic-g1,,SYN-S1-S1_PRIV_006,S1PUB006,S1_PRIV_006,,complete,SYNTHETIC,,computer,Synthetic desktop,Synthetic OS,Synthetic Browser,1920 x 1080,1440 x 900,,,,Discrimination Task G1,SYNTHETIC,G1,G1,G1,5,Display 1,Screen 1,,,response,5,,,,2312.8,,,2312.8,1,2312.8,,,,Response,,,Display1,disc_5_1_tab20sa.png,5,tab20sa,1,sa,discrimination,How many distinct classes do you see?,5,1
126,1789992882000,21/09/2026 12:14:42,1789992882000,1,21/09/2026 13:14:42,229051,38,synthetic-g1,,SYN-S1-S1_PRIV_006,S1PUB006,S1_PRIV_006,,complete,SYNTHETIC,,computer,Synthetic desktop,Synthetic OS,Synthetic Browser,1920 x 1080,1440 x 900,,,,Discrimination Task G1,SYNTHETIC,G1,G1,G1,6,Display 1,Screen 1,,,response,20,,,,7705.2,,,7705.2,1,7705.2,,,,Response,,,Display1,disc_20_1_tab20.png,20,tab20,1,baseline,discrimination,How many distinct classes do you see?,20,1
127,1789992889000,21/09/2026 12:14:49,1789992889000,1,21/09/2026 13:14:49,229051,38,synthetic-g1,,SYN-S1-S1_PRIV_006,S1PUB006,S1_PRIV_006,,complete,SYNTHETIC,,computer,Synthetic desktop,Synthetic OS,Synthetic Browser,1920 x 1080,1440 x 900,,,,Discrimination Task G1,SYNTHETIC,G1,G1,G1,7,Display 1,Screen 1,,,response,10,,,,2620.6,,,2620.6,1,2620.6,,,,Response,,,Display1,disc_10_1_tab20.png,10,tab20,1,baseline,discrimination,How many distinct classes do you see?,10,1
128,1789992896000,21/09/2026 12:14:56,1789992896000,1,21/09/2026 13:14:56,229051,38,synthetic-g1,,SYN-S1-S1_PRIV_006,S1PUB006,S1_PRIV_006,,complete,SYNTHETIC,,computer,Synthetic desktop,Synthetic OS,Synthetic Browser,1920 x 1080,1440 x 900,,,,Discrimination Task G1,SYNTHETIC,G1,G1,G1,8,Display 1,Screen 1,,,response,20,,,,6019.1,,,6019.1,1,6019.1,,,,Response,,,Display1,disc_20_2_tab20sa.png,20,tab20sa,2,sa,discrimination,How many distinct classes do you see?,20,1
129,1789992903000,21/09/2026 12:15:03,1789992903000,1,21/09/2026 13:15:03,229051,38,synthetic-g1,,SYN-S1-S1_PRIV_006,S1PUB006,S1_PRIV_006,,complete,SYNTHETIC,,computer,Synthetic desktop,Synthetic OS,Synthetic Browser,1920 x 1080,1440 x 900,,,,Discrimination Task G1,SYNTHETIC,G1,G1,G1,9,Display 1,Screen 1,,,response,5,,,,4127.5,,,4127.5,1,4127.5,,,,Response,,,Display1,disc_5_3_tab20.png,5,tab20,3,baseline,discrimination,How many distinct classes do you see?,5,1
130,1789992910000,21/09/2026 12:15:10,1789992910000,1,21/09/2026 13:15:10,229051,38,synthetic-g1,,SYN-S1-S1_PRIV_006,S1PUB006,S1_PRIV_006,,complete,SYNTHETIC,,computer,Synthetic desktop,Synthetic OS,Synthetic Browser,1920 x 1080,1440 x 900,,,,Discrimination Task G1,SYNTHETIC,G1,G1,G1,10,Display 1,Screen 1,,,response,20,,,,6727.3,,,6727.3,1,6727.3,,,,Response,,,Display1,disc_20_3_tab20.png,20,tab20,3,baseline,discrimination,How many distinct classes do you see?,20,1
131,1789992917000,21/09/2026 12:15:17,1789992917000,1,21/09/2026 13:15:17,229051,38,synthetic-g1,,SYN-S1-S1_PRIV_006,S1PUB006,S1_PRIV_006,,complete,SYNTHETIC,,computer,Synthetic desktop,Synthetic OS,Synthetic Browser,1920 x 1080,1440 x 900,,,,Discrimination Task G1,SYNTHETIC,G1,G1,G1,11,Display 1,Screen 1,,,response,20,,,,14486.0,,,14486.0,1,14486.0,,,,Response,,,Display1,disc_20_3_tab20sa.png,20,tab20sa,3,sa,discrimination,How many distinct classes do you see?,20,1
132,1789992924000,21/09/2026 12:15:24,1789992924000,1,21/09/2026 13:15:24,229051,38,synthetic-g1,,SYN-S1-S1_PRIV_006,S1PUB006,S1_PRIV_006,,complete,SYNTHETIC,,computer,Synthetic desktop,Synthetic OS,Synthetic Browser,1920 x 1080,1440 x 900,,,,Discrimination Task G1,SYNTHETIC,G1,G1,G1,12,Display 1,Screen 1,,,response,30,,,,8055.0,,,8055.0,1,8055.0,,,,Response,,,Display1,disc_30_3_tab20sa.png,30,tab20sa,3,sa,discrimination,How many distinct classes do you see?,30,1
133,1789992931000,21/09/2026 12:15:31,1789992931000,1,21/09/2026 13:15:31,229051,38,synthetic-g1,,SYN-S1-S1_PRIV_006,S1PUB006,S1_PRIV_006,,complete,SYNTHETIC,,computer,Synthetic desktop,Synthetic OS,Synthetic Browser,1920 x 1080,1440 x 900,,,,Discrimination Task G1,SYNTHETIC,G1,G1,G1,13,Display 1,Screen 1,,,response,10,,,,6280.5,,,6280.5,1,6280.5,,,,Response,,,Display1,disc_10_1_tab20sa.png,10,tab20sa,1,sa,discrimination,How many distinct classes do you see?,10,1
134,1789992938000,21/09/2026 12:15:38,1789992938000,1,21/09/2026 13:15:38,229051,38,synthetic-g1,,SYN-S1-S1_PRIV_006,S1PUB006,S1_PRIV_006,,complete,SYNTHETIC,,computer,Synthetic desktop,Synthetic OS,Synthetic Browser,1920 x 1080,1440 x 900,,,,Discrimination Task G1,SYNTHETIC,G1,G1,G1,14,Display 1,Screen 1,,,response,25,,,,5934.6,,,5934.6,0,5934.6,,,,Response,,,Display1,disc_30_3_tab20.png,30,tab20,3,baseline,discrimination,How many distinct classes do you see?,30,1
135,1789992945000,21/09/2026 12:15:45,1789992945000,1,21/09/2026 13:15:45,229051,38,synthetic-g1,,SYN-S1-S1_PRIV_006,S1PUB006,S1_PRIV_006,,complete,SYNTHETIC,,computer,Synthetic desktop,Synthetic OS,Synthetic Browser,1920 x 1080,1440 x 900,,,,Discrimination Task G1,SYNTHETIC,G1,G1,G1,15,Display 1,Screen 1,,,response,30,,,,8008.8,,,8008.8,1,8008.8,,,,Response,,,Display1,disc_30_1_tab20sa.png,30,tab20sa,1,sa,discrimination,How many distinct classes do you see?,30,1
136,1789992952000,21/09/2026 12:15:52,1789992952000,1,21/09/2026 13:15:52,229051,38,synthetic-g1,,SYN-S1-S1_PRIV_006,S1PUB006,S1_PRIV_006,,complete,SYNTHETIC,,computer,Synthetic desktop,Synthetic OS,Synthetic Browser,1920 x 1080,1440 x 900,,,,Discrimination Task G1,SYNTHETIC,G1,G1,G1,16,Display 1,Screen 1,,,response,5,,,,2644.4,,,2644.4,1,2644.4,,,,Response,,,Display1,disc_5_2_tab20.png,5,tab20,2,baseline,discrimination,How many distinct classes do you see?,5,1
137,1789992959000,21/09/2026 12:15:59,1789992959000,1,21/09/2026 13:15:59,229051,38,synthetic-g1,,SYN-S1-S1_PRIV_006,S1PUB006,S1_PRIV_006,,complete,SYNTHETIC,,computer,Synthetic desktop,Synthetic OS,Synthetic Browser,1920 x 1080,1440 x 900,,,,Discrimination Task G1,SYNTHETIC,G1,G1,G1,17,Display 1,Screen 1,,,response,10,,,,9354.9,,,9354.9,1,9354.9,,,,Response,,,Display1,disc_10_3_tab20.png,10,tab20,3,baseline,discrimination,How many distinct classes do you see?,10,1
138,1789992966000,21/09/2026 12:16:06,1789992966000,1,21/09/2026 13:16:06,229051,38,synthetic-g1,,SYN-S1-S1_PRIV_006,S1PUB006,S1_PRIV_006,,complete,SYNTHETIC,,computer,Synthetic desktop,Synthetic OS,Synthetic Browser,1920 x 1080,1440 x 900,,,,Discrimination Task G1,SYNTHETIC,G1,G1,G1,18,Display 1,Screen 1,,,response,20,,,,3491.6,,,3491.6,1,3491.6,,,,Response,,,Display1,disc_20_1_tab20sa.png,20,tab20sa,1,sa,discrimination,How many distinct classes do you see?,20,1
139,1789992973000,21/09/2026 12:16:13,1789992973000,1,21/09/2026 13:16:13,229051,38,synthetic-g1,,SYN-S1-S1_PRIV_006,S1PUB006,S1_PRIV_006,,complete,SYNTHETIC,,computer,Synthetic desktop,Synthetic OS,Synthetic Browser,1920 x 1080,1440 x 900,,,,Discrimination Task G1,SYNTHETIC,G1,G1,G1,19,Display 1,Screen 1,,,response,5,,,,5480.2,,,5480.2,1,5480.2,,,,Response,,,Display1,disc_5_2_tab20sa.png,5,tab20sa,2,sa,discrimination,How many distinct classes do you see?,5,1
140,1789992980000,21/09/2026 12:16:20,1789992980000,1,21/09/2026 13:16:20,229051,38,synthetic-g1,,SYN-S1-S1_PRIV_006,S1PUB006,S1_PRIV_006,,complete,SYNTHETIC,,computer,Synthetic desktop,Synthetic OS,Synthetic Browser,1920 x 1080,1440 x 900,,,,Discrimination Task G1,SYNTHETIC,G1,G1,G1,20,Display 1,Screen 1,,,response,10,,,,2268.0,,,2268.0,1,2268.0,,,,Response,,,Display1,disc_10_2_tab20sa.png,10,tab20sa,2,sa,discrimination,How many distinct classes do you see?,10,1
141,1789992987000,21/09/2026 12:16:27,1789992987000,1,21/09/2026 13:16:27,229051,38,synthetic-g1,,SYN-S1-S1_PRIV_006,S1PUB006,S1_PRIV_006,,complete,SYNTHETIC,,computer,Synthetic desktop,Synthetic OS,Synthetic Browser,1920 x 1080,1440 x 900,,,,Discrimination Task G1,SYNTHETIC,G1,G1,G1,21,Display 1,Screen 1,,,response,5,,,,2704.0,,,2704.0,1,2704.0,,,,Response,,,Display1,disc_5_1_tab20.png,5,tab20,1,baseline,discrimination,How many distinct classes do you see?,5,1
142,1789992994000,21/09/2026 12:16:34,1789992994000,1,21/09/2026 13:16:34,229051,38,synthetic-g1,,SYN-S1-S1_PRIV_006,S1PUB006,S1_PRIV_006,,complete,SYNTHETIC,,computer,Synthetic desktop,Synthetic OS,Synthetic Browser,1920 x 1080,1440 x 900,,,,Discrimination Task G1,SYNTHETIC,G1,G1,G1,22,Display 1,Screen 1,,,response,10,,,,3608.7,,,3608.7,1,3608.7,,,,Response,,,Display1,disc_10_3_tab20sa.png,10,tab20sa,3,sa,discrimination,How many distinct classes do you see?,10,1
143,1789993001000,21/09/2026 12:16:41,1789993001000,1,21/09/2026 13:16:41,229051,38,synthetic-g1,,SYN-S1-S1_PRIV_006,S1PUB006,S1_PRIV_006,,complete,SYNTHETIC,,computer,Synthetic desktop,Synthetic OS,Synthetic Browser,1920 x 1080,1440 x 900,,,,Discrimination Task G1,SYNTHETIC,G1,G1,G1,23,Display 1,Screen 1,,,response,10,,,,4765.0,,,4765.0,1,4765.0,,,,Response,,,Display1,disc_10_2_tab20.png,10,tab20,2,baseline,discrimination,How many distinct classes do you see?,10,1
144,1789993008000,21/09/2026 12:16:48,1789993008000,1,21/09/2026 13:16:48,229051,38,synthetic-g1,,SYN-S1-S1_PRIV_006,S1PUB006,S1_PRIV_006,,complete,SYNTHETIC,,computer,Synthetic desktop,Synthetic OS,Synthetic Browser,1920 x 1080,1440 x 900,,,,Discrimination Task G1,SYNTHETIC,G1,G1,G1,24,Display 1,Screen 1,,,response,25,,,,6754.8,,,6754.8,0,6754.8,,,,Response,,,Display1,disc_30_1_tab20.png,30,tab20,1,baseline,discrimination,How many distinct classes do you see?,30,1
145,1789993015000,21/09/2026 12:16:55,1789993015000,1,21/09/2026 13:16:55,229051,38,synthetic-g1,,SYN-S1-S1_PRIV_007,S1PUB007,S1_PRIV_007,,complete,SYNTHETIC,,computer,Synthetic desktop,Synthetic OS,Synthetic Browser,1920 x 1080,1440 x 900,,,,Discrimination Task G1,SYNTHETIC,G1,G1,G1,1,Display 1,Screen 1,,,response,25,,,,5405.9,,,5405.9,0,5405.9,,,,Response,,,Display1,disc_30_1_tab20sa.png,30,tab20sa,1,sa,discrimination,How many distinct classes do you see?,30,1
146,1789993022000,21/09/2026 12:17:02,1789993022000,1,21/09/2026 13:17:02,229051,38,synthetic-g1,,SYN-S1-S1_PRIV_007,S1PUB007,S1_PRIV_007,,complete,SYNTHETIC,,computer,Synthetic desktop,Synthetic OS,Synthetic Browser,1920 x 1080,1440 x 900,,,,Discrimination Task G1,SYNTHETIC,G1,G1,G1,2,Display 1,Screen 1,,,response,5,,,,4746.9,,,4746.9,1,4746.9,,,,Response,,,Display1,disc_5_3_tab20sa.png,5,tab20sa,3,sa,discrimination,How many distinct classes do you see?,5,1
147,1789993029000,21/09/2026 12:17:09,1789993029000,1,21/09/2026 13:17:09,229051,38,synthetic-g1,,SYN-S1-S1_PRIV_007,S1PUB007,S1_PRIV_007,,complete,SYNTHETIC,,computer,Synthetic desktop,Synthetic OS,Synthetic Browser,1920 x 1080,1440 x 900,,,,Discrimination Task G1,SYNTHETIC,G1,G1,G1,3,Display 1,Screen 1,,,response,20,,,,3999.3,,,3999.3,1,3999.3,,,,Response,,,Display1,disc_20_1_tab20sa.png,20,tab20sa,1,sa,discrimination,How many distinct classes do you see?,20,1
148,1789993036000,21/09/2026 12:17:16,1789993036000,1,21/09/2026 13:17:16,229051,38,synthetic-g1,,SYN-S1-S1_PRIV_007,S1PUB007,S1_PRIV_007,,complete,SYNTHETIC,,computer,Synthetic desktop,Synthetic OS,Synthetic Browser,1920 x 1080,1440 x 900,,,,Discrimination Task G1,SYNTHETIC,G1,G1,G1,4,Display 1,Screen 1,,,response,15,,,,6162.4,,,6162.4,0,6162.4,,,,Response,,,Display1,disc_20_2_tab20sa.png,20,tab20sa,2,sa,discrimination,How many distinct classes do you see?,20,1
149,1789993043000,21/09/2026 12:17:23,1789993043000,1,21/09/2026 13:17:23,229051,38,synthetic-g1,,SYN-S1-S1_PRIV_007,S1PUB007,S1_PRIV_007,,complete,SYNTHETIC,,computer,Synthetic desktop,Synthetic OS,Synthetic Browser,1920 x 1080,1440 x 900,,,,Discrimination Task G1,SYNTHETIC,G1,G1,G1,5,Display 1,Screen 1,,,response,10,,,,3826.3,,,3826.3,1,3826.3,,,,Response,,,Display1,disc_10_2_tab20.png,10,tab20,2,baseline,discrimination,How many distinct classes do you see?,10,1
150,1789993050000,21/09/2026 12:17:30,1789993050000,1,21/09/2026 13:17:30,229051,38,synthetic-g1,,SYN-S1-S1_PRIV_007,S1PUB007,S1_PRIV_007,,complete,SYNTHETIC,,computer,Synthetic desktop,Synthetic OS,Synthetic Browser,1920 x 1080,1440 x 900,,,,Discrimination Task G1,SYNTHETIC,G1,G1,G1,6,Display 1,Screen 1,,,response,25,,,,10789.5,,,10789.5,0,10789.5,,,,Response,,,Display1,disc_30_2_tab20sa.png,30,tab20sa,2,sa,discrimination,How many distinct classes do you see?,30,1
151,1789993057000,21/09/2026 12:17:37,1789993057000,1,21/09/2026 13:17:37,229051,38,synthetic-g1,,SYN-S1-S1_PRIV_007,S1PUB007,S1_PRIV_007,,complete,SYNTHETIC,,computer,Synthetic desktop,Synthetic OS,Synthetic Browser,1920 x 1080,1440 x 900,,,,Discrimination Task G1,SYNTHETIC,G1,G1,G1,7,Display 1,Screen 1,,,response,5,,,,1958.0,,,1958.0,1,1958.0,,,,Response,,,Display1,disc_5_1_tab20sa.png,5,tab20sa,1,sa,discrimination,How many distinct classes do you see?,5,1
152,1789993064000,21/09/2026 12:17:44,1789993064000,1,21/09/2026 13:17:44,229051,38,synthetic-g1,,SYN-S1-S1_PRIV_007,S1PUB007,S1_PRIV_007,,complete,SYNTHETIC,,computer,Synthetic desktop,Synthetic OS,Synthetic Browser,1920 x 1080,1440 x 900,,,,Discrimination Task G1,SYNTHETIC,G1,G1,G1,8,Display 1,Screen 1,,,response,5,,,,3719.9,,,3719.9,1,3719.9,,,,Response,,,Display1,disc_5_3_tab20.png,5,tab20,3,baseline,discrimination,How many distinct classes do you see?,5,1
153,1789993071000,21/09/2026 12:17:51,1789993071000,1,21/09/2026 13:17:51,229051,38,synthetic-g1,,SYN-S1-S1_PRIV_007,S1PUB007,S1_PRIV_007,,complete,SYNTHETIC,,computer,Synthetic desktop,Synthetic OS,Synthetic Browser,1920 x 1080,1440 x 900,,,,Discrimination Task G1,SYNTHETIC,G1,G1,G1,9,Display 1,Screen 1,,,response,25,,,,4336.8,,,4336.8,0,4336.8,,,,Response,,,Display1,disc_30_3_tab20sa.png,30,tab20sa,3,sa,discrimination,How many distinct classes do you see?,30,1
154,1789993078000,21/09/2026 12:17:58,1789993078000,1,21/09/2026 13:17:58,229051,38,synthetic-g1,,SYN-S1-S1_PRIV_007,S1PUB007,S1_PRIV_007,,complete,SYNTHETIC,,computer,Synthetic desktop,Synthetic OS,Synthetic Browser,1920 x 1080,1440 x 900,,,,Discrimination Task G1,SYNTHETIC,G1,G1,G1,10,Display 1,Screen 1,,,response,30,,,,9228.8,,,9228.8,1,9228.8,,,,Response,,,Display1,disc_30_3_tab20.png,30,tab20,3,baseline,discrimination,How many distinct classes do you see?,30,1
155,1789993085000,21/09/2026 12:18:05,1789993085000,1,21/09/2026 13:18:05,229051,38,synthetic-g1,,SYN-S1-S1_PRIV_007,S1PUB007,S1_PRIV_007,,complete,SYNTHETIC,,computer,Synthetic desktop,Synthetic OS,Synthetic Browser,1920 x 1080,1440 x 900,,,,Discrimination Task G1,SYNTHETIC,G1,G1,G1,11,Display 1,Screen 1,,,response,20,,,,7834.1,,,7834.1,1,7834.1,,,,Response,,,Display1,disc_20_3_tab20sa.png,20,tab20sa,3,sa,discrimination,How many distinct classes do you see?,20,1
156,1789993092000,21/09/2026 12:18:12,1789993092000,1,21/09/2026 13:18:12,229051,38,synthetic-g1,,SYN-S1-S1_PRIV_007,S1PUB007,S1_PRIV_007,,complete,SYNTHETIC,,computer,Synthetic desktop,Synthetic OS,Synthetic Browser,1920 x 1080,1440 x 900,,,,Discrimination Task G1,SYNTHETIC,G1,G1,G1,12,Display 1,Screen 1,,,response,10,,,,2209.6,,,2209.6,1,2209.6,,,,Response,,,Display1,disc_10_1_tab20.png,10,tab20,1,baseline,discrimination,How many distinct classes do you see?,10,1
157,1789993099000,21/09/2026 12:18:19,1789993099000,1,21/09/2026 13:18:19,229051,38,synthetic-g1,,SYN-S1-S1_PRIV_007,S1PUB007,S1_PRIV_007,,complete,SYNTHETIC,,computer,Synthetic desktop,Synthetic OS,Synthetic Browser,1920 x 1080,1440 x 900,,,,Discrimination Task G1,SYNTHETIC,G1,G1,G1,13,Display 1,Screen 1,,,response,15,,,,5844.3,,,5844.3,0,5844.3,,,,Response,,,Display1,disc_20_3_tab20.png,20,tab20,3,baseline,discrimination,How many distinct classes do you see?,20,1
158,1789993106000,21/09/2026 12:18:26,1789993106000,1,21/09/2026 13:18:26,229051,38,synthetic-g1,,SYN-S1-S1_PRIV_007,S1PUB007,S1_PRIV_007,,complete,SYNTHETIC,,computer,Synthetic desktop,Synthetic OS,Synthetic Browser,1920 x 1080,1440 x 900,,,,Discrimination Task G1,SYNTHETIC,G1,G1,G1,14,Display 1,Screen 1,,,response,25,,,,5592.7,,,5592.7,0,5592.7,,,,Response,,,Display1,disc_30_1_tab20.png,30,tab20,1,baseline,discrimination,How many distinct classes do you see?,30,1
159,1789993113000,21/09/2026 12:18:33,1789993113000,1,21/09/2026 13:18:33,229051,38,synthetic-g1,,SYN-S1-S1_PRIV_007,S1PUB007,S1_PRIV_007,,complete,SYNTHETIC,,computer,Synthetic desktop,Synthetic OS,Synthetic Browser,1920 x 1080,1440 x 900,,,,Discrimination Task G1,SYNTHETIC,G1,G1,G1,15,Display 1,Screen 1,,,response,10,,,,5505.0,,,5505.0,1,5505.0,,,,Response,,,Display1,disc_10_3_tab20sa.png,10,tab20sa,3,sa,discrimination,How many distinct classes do you see?,10,1
160,1789993120000,21/09/2026 12:18:40,1789993120000,1,21/09/2026 13:18:40,229051,38,synthetic-g1,,SYN-S1-S1_PRIV_007,S1PUB007,S1_PRIV_007,,complete,SYNTHETIC,,computer,Synthetic desktop,Synthetic OS,Synthetic Browser,1920 x 1080,1440 x 900,,,,Discrimination Task G1,SYNTHETIC,G1,G1,G1,16,Display 1,Screen 1,,,response,10,,,,11523.9,,,11523.9,1,11523.9,,,,Response,,,Display1,disc_10_3_tab20.png,10,tab20,3,baseline,discrimination,How many distinct classes do you see?,10,1
161,1789993127000,21/09/2026 12:18:47,1789993127000,1,21/09/2026 13:18:47,229051,38,synthetic-g1,,SYN-S1-S1_PRIV_007,S1PUB007,S1_PRIV_007,,complete,SYNTHETIC,,computer,Synthetic desktop,Synthetic OS,Synthetic Browser,1920 x 1080,1440 x 900,,,,Discrimination Task G1,SYNTHETIC,G1,G1,G1,17,Display 1,Screen 1,,,response,5,,,,3663.8,,,3663.8,1,3663.8,,,,Response,,,Display1,disc_5_1_tab20.png,5,tab20,1,baseline,discrimination,How many distinct classes do you see?,5,1
162,1789993134000,21/09/2026 12:18:54,1789993134000,1,21/09/2026 13:18:54,229051,38,synthetic-g1,,SYN-S1-S1_PRIV_007,S1PUB007,S1_PRIV_007,,complete,SYNTHETIC,,computer,Synthetic desktop,Synthetic OS,Synthetic Browser,1920 x 1080,1440 x 900,,,,Discrimination Task G1,SYNTHETIC,G1,G1,G1,18,Display 1,Screen 1,,,response,10,,,,3613.6,,,3613.6,1,3613.6,,,,Response,,,Display1,disc_10_1_tab20sa.png,10,tab20sa,1,sa,discrimination,How many distinct classes do you see?,10,1
163,1789993141000,21/09/2026 12:19:01,1789993141000,1,21/09/2026 13:19:01,229051,38,synthetic-g1,,SYN-S1-S1_PRIV_007,S1PUB007,S1_PRIV_007,,complete,SYNTHETIC,,computer,Synthetic desktop,Synthetic OS,Synthetic Browser,1920 x 1080,1440 x 900,,,,Discrimination Task G1,SYNTHETIC,G1,G1,G1,19,Display 1,Screen 1,,,response,10,,,,5181.3,,,5181.3,1,5181.3,,,,Response,,,Display1,disc_10_2_tab20sa.png,10,tab20sa,2,sa,discrimination,How many distinct classes do you see?,10,1
164,1789993148000,21/09/2026 12:19:08,1789993148000,1,21/09/2026 13:19:08,229051,38,synthetic-g1,,SYN-S1-S1_PRIV_007,S1PUB007,S1_PRIV_007,,complete,SYNTHETIC,,computer,Synthetic desktop,Synthetic OS,Synthetic Browser,1920 x 1080,1440 x 900,,,,Discrimination Task G1,SYNTHETIC,G1,G1,G1,20,Display 1,Screen 1,,,response,20,,,,3194.9,,,3194.9,1,3194.9,,,,Response,,,Display1,disc_20_1_tab20.png,20,tab20,1,baseline,discrimination,How many distinct classes do you see?,20,1
165,1789993155000,21/09/2026 12:19:15,1789993155000,1,21/09/2026 13:19:15,229051,38,synthetic-g1,,SYN-S1-S1_PRIV_007,S1PUB007,S1_PRIV_007,,complete,SYNTHETIC,,computer,Synthetic desktop,Synthetic OS,Synthetic Browser,1920 x 1080,1440 x 900,,,,Discrimination Task G1,SYNTHETIC,G1,G1,G1,21,Display 1,Screen 1,,,response,30,,,,5753.7,,,5753.7,1,5753.7,,,,Response,,,Display1,disc_30_2_tab20.png,30,tab20,2,baseline,discrimination,How many distinct classes do you see?,30,1
166,1789993162000,21/09/2026 12:19:22,1789993162000,1,21/09/2026 13:19:22,229051,38,synthetic-g1,,SYN-S1-S1_PRIV_007,S1PUB007,S1_PRIV_007,,complete,SYNTHETIC,,computer,Synthetic desktop,Synthetic OS,Synthetic Browser,1920 x 1080,1440 x 900,,,,Discrimination Task G1,SYNTHETIC,G1,G1,G1,22,Display 1,Screen 1,,,response,15,,,,2724.5,,,2724.5,0,2724.5,,,,Response,,,Display1,disc_20_2_tab20.png,20,tab20,2,baseline,discrimination,How many distinct classes do you see?,20,1
167,1789993169000,21/09/2026 12:19:29,1789993169000,1,21/09/2026 13:19:29,229051,38,synthetic-g1,,SYN-S1-S1_PRIV_007,S1PUB007,S1_PRIV_007,,complete,SYNTHETIC,,computer,Synthetic desktop,Synthetic OS,Synthetic Browser,1920 x 1080,1440 x 900,,,,Discrimination Task G1,SYNTHETIC,G1,G1,G1,23,Display 1,Screen 1,,,response,5,,,,3142.3,,,3142.3,1,3142.3,,,,Response,,,Display1,disc_5_2_tab20sa.png,5,tab20sa,2,sa,discrimination,How many distinct classes do you see?,5,1
168,1789993176000,21/09/2026 12:19:36,1789993176000,1,21/09/2026 13:19:36,229051,38,synthetic-g1,,SYN-S1-S1_PRIV_007,S1PUB007,S1_PRIV_007,,complete,SYNTHETIC,,computer,Synthetic desktop,Synthetic OS,Synthetic Browser,1920 x 1080,1440 x 900,,,,Discrimination Task G1,SYNTHETIC,G1,G1,G1,24,Display 1,Screen 1,,,response,5,,,,1646.8,,,1646.8,1,1646.8,,,,Response,,,Display1,disc_5_2_tab20.png,5,tab20,2,baseline,discrimination,How many distinct classes do you see?,5,1
169,1789993183000,21/09/2026 12:19:43,1789993183000,1,21/09/2026 13:19:43,229051,38,synthetic-g1,,SYN-S1-S1_PRIV_008,S1PUB008,S1_PRIV_008,,complete,SYNTHETIC,,computer,Synthetic desktop,Synthetic OS,Synthetic Browser,1920 x 1080,1440 x 900,,,,Discrimination Task G1,SYNTHETIC,G1,G1,G1,1,Display 1,Screen 1,,,response,5,,,,2249.3,,,2249.3,1,2249.3,,,,Response,,,Display1,disc_5_1_tab20sa.png,5,tab20sa,1,sa,discrimination,How many distinct classes do you see?,5,1
170,1789993190000,21/09/2026 12:19:50,1789993190000,1,21/09/2026 13:19:50,229051,38,synthetic-g1,,SYN-S1-S1_PRIV_008,S1PUB008,S1_PRIV_008,,complete,SYNTHETIC,,computer,Synthetic desktop,Synthetic OS,Synthetic Browser,1920 x 1080,1440 x 900,,,,Discrimination Task G1,SYNTHETIC,G1,G1,G1,2,Display 1,Screen 1,,,response,5,,,,7695.9,,,7695.9,1,7695.9,,,,Response,,,Display1,disc_5_3_tab20sa.png,5,tab20sa,3,sa,discrimination,How many distinct classes do you see?,5,1
171,1789993197000,21/09/2026 12:19:57,1789993197000,1,21/09/2026 13:19:57,229051,38,synthetic-g1,,SYN-S1-S1_PRIV_008,S1PUB008,S1_PRIV_008,,complete,SYNTHETIC,,computer,Synthetic desktop,Synthetic OS,Synthetic Browser,1920 x 1080,1440 x 900,,,,Discrimination Task G1,SYNTHETIC,G1,G1,G1,3,Display 1,Screen 1,,,response,5,,,,1363.6,,,1363.6,1,1363.6,,,,Response,,,Display1,disc_5_1_tab20.png,5,tab20,1,baseline,discrimination,How many distinct classes do you see?,5,1
172,1789993204000,21/09/2026 12:20:04,1789993204000,1,21/09/2026 13:20:04,229051,38,synthetic-g1,,SYN-S1-S1_PRIV_008,S1PUB008,S1_PRIV_008,,complete,SYNTHETIC,,computer,Synthetic desktop,Synthetic OS,Synthetic Browser,1920 x 1080,1440 x 900,,,,Discrimination Task G1,SYNTHETIC,G1,G1,G1,4,Display 1,Screen 1,,,response,25,,,,4205.9,,,4205.9,0,4205.9,,,,Response,,,Display1,disc_30_1_tab20.png,30,tab20,1,baseline,discrimination,How many distinct classes do you see?,30,1
173,1789993211000,21/09/2026 12:20:11,1789993211000,1,21/09/2026 13:20:11,229051,38,synthetic-g1,,SYN-S1-S1_PRIV_008,S1PUB008,S1_PRIV_008,,complete,SYNTHETIC,,computer,Synthetic desktop,Synthetic OS,Synthetic Browser,1920 x 1080,1440 x 900,,,,Discrimination Task G1,SYNTHETIC,G1,G1,G1,5,Display 1,Screen 1,,,response,30,,,,5578.7,,,5578.7,1,5578.7,,,,Response,,,Display1,disc_30_2_tab20.png,30,tab20,2,baseline,discrimination,How many distinct classes do you see?,30,1
174,1789993218000,21/09/2026 12:20:18,1789993218000,1,21/09/2026 13:20:18,229051,38,synthetic-g1,,SYN-S1-S1_PRIV_008,S1PUB008,S1_PRIV_008,,complete,SYNTHETIC,,computer,Synthetic desktop,Synthetic OS,Synthetic Browser,1920 x 1080,1440 x 900,,,,Discrimination Task G1,SYNTHETIC,G1,G1,G1,6,Display 1,Screen 1,,,response,5,,,,3970.5,,,3970.5,1,3970.5,,,,Response,,,Display1,disc_5_2_tab20sa.png,5,tab20sa,2,sa,discrimination,How many distinct classes do you see?,5,1
175,1789993225000,21/09/2026 12:20:25,1789993225000,1,21/09/2026 13:20:25,229051,38,synthetic-g1,,SYN-S1-S1_PRIV_008,S1PUB008,S1_PRIV_008,,complete,SYNTHETIC,,computer,Synthetic desktop,Synthetic OS,Synthetic Browser,1920 x 1080,1440 x 900,,,,Discrimination Task G1,SYNTHETIC,G1,G1,G1,7,Display 1,Screen 1,,,response,5,,,,3037.9,,,3037.9,1,3037.9,,,,Response,,,Display1,disc_5_2_tab20.png,5,tab20,2,baseline,discrimination,How many distinct classes do you see?,5,1
176,1789993232000,21/09/2026 12:20:32,1789993232000,1,21/09/2026 13:20:32,229051,38,synthetic-g1,,SYN-S1-S1_PRIV_008,S1PUB008,S1_PRIV_008,,complete,SYNTHETIC,,computer,Synthetic desktop,Synthetic OS,Synthetic Browser,1920 x 1080,1440 x 900,,,,Discrimination Task G1,SYNTHETIC,G1,G1,G1,8,Display 1,Screen 1,,,response,10,,,,5082.8,,,5082.8,1,5082.8,,,,Response,,,Display1,disc_10_2_tab20sa.png,10,tab20sa,2,sa,discrimination,How many distinct classes do you see?,10,1
177,1789993239000,21/09/2026 12:20:39,1789993239000,1,21/09/2026 13:20:39,229051,38,synthetic-g1,,SYN-S1-S1_PRIV_008,S1PUB008,S1_PRIV_008,,complete,SYNTHETIC,,computer,Synthetic desktop,Synthetic OS,Synthetic Browser,1920 x 1080,1440 x 900,,,,Discrimination Task G1,SYNTHETIC,G1,G1,G1,9,Display 1,Screen 1,,,response,20,,,,4080.9,,,4080.9,1,4080.9,,,,Response,,,Display1,disc_20_1_tab20.png,20,tab20,1,baseline,discrimination,How many distinct classes do you see?,20,1
178,1789993246000,21/09/2026 12:20:46,1789993246000,1,21/09/2026 13:20:46,229051,38,synthetic-g1,,SYN-S1-S1_PRIV_008,S1PUB008,S1_PRIV_008,,complete,SYNTHETIC,,computer,Synthetic desktop,Synthetic OS,Synthetic Browser,1920 x 1080,1440 x 900,,,,Discrimination Task G1,SYNTHETIC,G1,G1,G1,10,Display 1,Screen 1,,,response,30,,,,7038.1,,,7038.1,1,7038.1,,,,Response,,,Display1,disc_30_1_tab20sa.png,30,tab20sa,1,sa,discrimination,How many distinct classes do you see?,30,1
179,1789993253000,21/09/2026 12:20:53,1789993253000,1,21/09/2026 13:20:53,229051,38,synthetic-g1,,SYN-S1-S1_PRIV_008,S1PUB008,S1_PRIV_008,,complete,SYNTHETIC,,computer,Synthetic desktop,Synthetic OS,Synthetic Browser,1920 x 1080,1440 x 900,,,,Discrimination Task G1,SYNTHETIC,G1,G1,G1,11,Display 1,Screen 1,,,response,25,,,,3846.6,,,3846.6,0,3846.6,,,,Response,,,Display1,disc_30_2_tab20sa.png,30,tab20sa,2,sa,discrimination,How many distinct classes do you see?,30,1
180,1789993260000,21/09/2026 12:21:00,1789993260000,1,21/09/2026 13:21:00,229051,38,synthetic-g1,,SYN-S1-S1_PRIV_008,S1PUB008,S1_PRIV_008,,complete,SYNTHETIC,,computer,Synthetic desktop,Synthetic OS,Synthetic Browser,1920 x 1080,1440 x 900,,,,Discrimination Task G1,SYNTHETIC,G1,G1,G1,12,Display 1,Screen 1,,,response,10,,,,5974.2,,,5974.2,1,5974.2,,,,Response,,,Display1,disc_10_1_tab20sa.png,10,tab20sa,1,sa,discrimination,How many distinct classes do you see?,10,1
181,1789993267000,21/09/2026 12:21:07,1789993267000,1,21/09/2026 13:21:07,229051,38,synthetic-g1,,SYN-S1-S1_PRIV_008,S1PUB008,S1_PRIV_008,,complete,SYNTHETIC,,computer,Synthetic desktop,Synthetic OS,Synthetic Browser,1920 x 1080,1440 x 900,,,,Discrimination Task G1,SYNTHETIC,G1,G1,G1,13,Display 1,Screen 1,,,response,15,,,,6548.4,,,6548.4,0,6548.4,,,,Response,,,Display1,disc_20_3_tab20.png,20,tab20,3,baseline,discrimination,How many distinct classes do you see?,20,1
182,1789993274000,21/09/2026 12:21:14,1789993274000,1,21/09/2026 13:21:14,229051,38,synthetic-g1,,SYN-S1-S1_PRIV_008,S1PUB008,S1_PRIV_008,,complete,SYNTHETIC,,computer,Synthetic desktop,Synthetic OS,Synthetic Browser,1920 x 1080,1440 x 900,,,,Discrimination Task G1,SYNTHETIC,G1,G1,G1,14,Display 1,Screen 1,,,response,10,,,,5591.6,,,5591.6,0,5591.6,,,,Response,,,Display1,disc_5_3_tab20.png,5,tab20,3,baseline,discrimination,How many distinct classes do you see?,5,1
183,1789993281000,21/09/2026 12:21:21,1789993281000,1,21/09/2026 13:21:21,229051,38,synthetic-g1,,SYN-S1-S1_PRIV_008,S1PUB008,S1_PRIV_008,,complete,SYNTHETIC,,computer,Synthetic desktop,Synthetic OS,Synthetic Browser,1920 x 1080,1440 x 900,,,,Discrimination Task G1,SYNTHETIC,G1,G1,G1,15,Display 1,Screen 1,,,response,10,,,,6482.8,,,6482.8,1,6482.8,,,,Response,,,Display1,disc_10_3_tab20.png,10,tab20,3,baseline,discrimination,How many distinct classes do you see?,10,1
184,1789993288000,21/09/2026 12:21:28,1789993288000,1,21/09/2026 13:21:28,229051,38,synthetic-g1,,SYN-S1-S1_PRIV_008,S1PUB008,S1_PRIV_008,,complete,SYNTHETIC,,computer,Synthetic desktop,Synthetic OS,Synthetic Browser,1920 x 1080,1440 x 900,,,,Discrimination Task G1,SYNTHETIC,G1,G1,G1,16,Display 1,Screen 1,,,response,25,,,,5802.2,,,5802.2,0,5802.2,,,,Response,,,Display1,disc_30_3_tab20sa.png,30,tab20sa,3,sa,discrimination,How many distinct classes do you see?,30,1
185,1789993295000,21/09/2026 12:21:35,1789993295000,1,21/09/2026 13:21:35,229051,38,synthetic-g1,,SYN-S1-S1_PRIV_008,S1PUB008,S1_PRIV_008,,complete,SYNTHETIC,,computer,Synthetic desktop,Synthetic OS,Synthetic Browser,1920 x 1080,1440 x 900,,,,Discrimination Task G1,SYNTHETIC,G1,G1,G1,17,Display 1,Screen 1,,,response,10,,,,2966.3,,,2966.3,1,2966.3,,,,Response,,,Display1,disc_10_3_tab20sa.png,10,tab20sa,3,sa,discrimination,How many distinct classes do you see?,10,1
186,1789993302000,21/09/2026 12:21:42,1789993302000,1,21/09/2026 13:21:42,229051,38,synthetic-g1,,SYN-S1-S1_PRIV_008,S1PUB008,S1_PRIV_008,,complete,SYNTHETIC,,computer,Synthetic desktop,Synthetic OS,Synthetic Browser,1920 x 1080,1440 x 900,,,,Discrimination Task G1,SYNTHETIC,G1,G1,G1,18,Display 1,Screen 1,,,response,20,,,,4342.3,,,4342.3,1,4342.3,,,,Response,,,Display1,disc_20_2_tab20.png,20,tab20,2,baseline,discrimination,How many distinct classes do you see?,20,1
187,1789993309000,21/09/2026 12:21:49,1789993309000,1,21/09/2026 13:21:49,229051,38,synthetic-g1,,SYN-S1-S1_PRIV_008,S1PUB008,S1_PRIV_008,,complete,SYNTHETIC,,computer,Synthetic desktop,Synthetic OS,Synthetic Browser,1920 x 1080,1440 x 900,,,,Discrimination Task G1,SYNTHETIC,G1,G1,G1,19,Display 1,Screen 1,,,response,20,,,,5700.3,,,5700.3,1,5700.3,,,,Response,,,Display1,disc_20_3_tab20sa.png,20,tab20sa,3,sa,discrimination,How many distinct classes do you see?,20,1
188,1789993316000,21/09/2026 12:21:56,1789993316000,1,21/09/2026 13:21:56,229051,38,synthetic-g1,,SYN-S1-S1_PRIV_008,S1PUB008,S1_PRIV_008,,complete,SYNTHETIC,,computer,Synthetic desktop,Synthetic OS,Synthetic Browser,1920 x 1080,1440 x 900,,,,Discrimination Task G1,SYNTHETIC,G1,G1,G1,20,Display 1,Screen 1,,,response,10,,,,7978.3,,,7978.3,1,7978.3,,,,Response,,,Display1,disc_10_2_tab20.png,10,tab20,2,baseline,discrimination,How many distinct classes do you see?,10,1
189,1789993323000,21/09/2026 12:22:03,1789993323000,1,21/09/2026 13:22:03,229051,38,synthetic-g1,,SYN-S1-S1_PRIV_008,S1PUB008,S1_PRIV_008,,complete,SYNTHETIC,,computer,Synthetic desktop,Synthetic OS,Synthetic Browser,1920 x 1080,1440 x 900,,,,Discrimination Task G1,SYNTHETIC,G1,G1,G1,21,Display 1,Screen 1,,,response,25,,,,5267.5,,,5267.5,0,5267.5,,,,Response,,,Display1,disc_30_3_tab20.png,30,tab20,3,baseline,discrimination,How many distinct classes do you see?,30,1
190,1789993330000,21/09/2026 12:22:10,1789993330000,1,21/09/2026 13:22:10,229051,38,synthetic-g1,,SYN-S1-S1_PRIV_008,S1PUB008,S1_PRIV_008,,complete,SYNTHETIC,,computer,Synthetic desktop,Synthetic OS,Synthetic Browser,1920 x 1080,1440 x 900,,,,Discrimination Task G1,SYNTHETIC,G1,G1,G1,22,Display 1,Screen 1,,,response,20,,,,11320.8,,,11320.8,1,11320.8,,,,Response,,,Display1,disc_20_2_tab20sa.png,20,tab20sa,2,sa,discrimination,How many distinct classes do you see?,20,1
191,1789993337000,21/09/2026 12:22:17,1789993337000,1,21/09/2026 13:22:17,229051,38,synthetic-g1,,SYN-S1-S1_PRIV_008,S1PUB008,S1_PRIV_008,,complete,SYNTHETIC,,computer,Synthetic desktop,Synthetic OS,Synthetic Browser,1920 x 1080,1440 x 900,,,,Discrimination Task G1,SYNTHETIC,G1,G1,G1,23,Display 1,Screen 1,,,response,10,,,,3516.0,,,3516.0,1,3516.0,,,,Response,,,Display1,disc_10_1_tab20.png,10,tab20,1,baseline,discrimination,How many distinct classes do you see?,10,1
192,1789993344000,21/09/2026 12:22:24,1789993344000,1,21/09/2026 13:22:24,229051,38,synthetic-g1,,SYN-S1-S1_PRIV_008,S1PUB008,S1_PRIV_008,,complete,SYNTHETIC,,computer,Synthetic desktop,Synthetic OS,Synthetic Browser,1920 x 1080,1440 x 900,,,,Discrimination Task G1,SYNTHETIC,G1,G1,G1,24,Display 1,Screen 1,,,response,15,,,,3721.9,,,3721.9,0,3721.9,,,,Response,,,Display1,disc_20_1_tab20sa.png,20,tab20sa,1,sa,discrimination,How many distinct classes do you see?,20,1
193,1789993351000,21/09/2026 12:22:31,1789993351000,1,21/09/2026 13:22:31,229051,38,synthetic-g1,,SYN-S1-S1_PRIV_009,S1PUB009,S1_PRIV_009,,complete,SYNTHETIC,,computer,Synthetic desktop,Synthetic OS,Synthetic Browser,1920 x 1080,1440 x 900,,,,Discrimination Task G1,SYNTHETIC,G1,G1,G1,1,Display 1,Screen 1,,,response,15,,,,6854.1,,,6854.1,0,6854.1,,,,Response,,,Display1,disc_20_1_tab20.png,20,tab20,1,baseline,discrimination,How many distinct classes do you see?,20,1
194,1789993358000,21/09/2026 12:22:38,1789993358000,1,21/09/2026 13:22:38,229051,38,synthetic-g1,,SYN-S1-S1_PRIV_009,S1PUB009,S1_PRIV_009,,complete,SYNTHETIC,,computer,Synthetic desktop,Synthetic OS,Synthetic Browser,1920 x 1080,1440 x 900,,,,Discrimination Task G1,SYNTHETIC,G1,G1,G1,2,Display 1,Screen 1,,,response,10,,,,4363.3,,,4363.3,0,4363.3,,,,Response,,,Display1,disc_5_1_tab20sa.png,5,tab20sa,1,sa,discrimination,How many distinct classes do you see?,5,1
195,1789993365000,21/09/2026 12:22:45,1789993365000,1,21/09/2026 13:22:45,229051,38,synthetic-g1,,SYN-S1-S1_PRIV_009,S1PUB009,S1_PRIV_009,,complete,SYNTHETIC,,computer,Synthetic desktop,Synthetic OS,Synthetic Browser,1920 x 1080,1440 x 900,,,,Discrimination Task G1,SYNTHETIC,G1,G1,G1,3,Display 1,Screen 1,,,response,30,,,,8920.6,,,8920.6,1,8920.6,,,,Response,,,Display1,disc_30_1_tab20.png,30,tab20,1,baseline,discrimination,How many distinct classes do you see?,30,1
196,1789993372000,21/09/2026 12:22:52,1789993372000,1,21/09/2026 13:22:52,229051,38,synthetic-g1,,SYN-S1-S1_PRIV_009,S1PUB009,S1_PRIV_009,,complete,SYNTHETIC,,computer,Synthetic desktop,Synthetic OS,Synthetic Browser,1920 x 1080,1440 x 900,,,,Discrimination Task G1,SYNTHETIC,G1,G1,G1,4,Display 1,Screen 1,,,response,5,,,,3970.4,,,3970.4,1,3970.4,,,,Response,,,Display1,disc_5_2_tab20.png,5,tab20,2,baseline,discrimination,How many distinct classes do you see?,5,1
197,1789993379000,21/09/2026 12:22:59,1789993379000,1,21/09/2026 13:22:59,229051,38,synthetic-g1,,SYN-S1-S1_PRIV_009,S1PUB009,S1_PRIV_009,,complete,SYNTHETIC,,computer,Synthetic desktop,Synthetic OS,Synthetic Browser,1920 x 1080,1440 x 900,,,,Discrimination Task G1,SYNTHETIC,G1,G1,G1,5,Display 1,Screen 1,,,response,10,,,,2649.7,,,2649.7,1,2649.7,,,,Response,,,Display1,disc_10_1_tab20.png,10,tab20,1,baseline,discrimination,How many distinct classes do you see?,10,1
198,1789993386000,21/09/2026 12:23:06,1789993386000,1,21/09/2026 13:23:06,229051,38,synthetic-g1,,SYN-S1-S1_PRIV_009,S1PUB009,S1_PRIV_009,,complete,SYNTHETIC,,computer,Synthetic desktop,Synthetic OS,Synthetic Browser,1920 x 1080,1440 x 900,,,,Discrimination Task G1,SYNTHETIC,G1,G1,G1,6,Display 1,Screen 1,,,response,5,,,,5124.4,,,5124.4,1,5124.4,,,,Response,,,Display1,disc_5_3_tab20sa.png,5,tab20sa,3,sa,discrimination,How many distinct classes do you see?,5,1
199,1789993393000,21/09/2026 12:23:13,1789993393000,1,21/09/2026 13:23:13,229051,38,synthetic-g1,,SYN-S1-S1_PRIV_009,S1PUB009,S1_PRIV_009,,complete,SYNTHETIC,,computer,Synthetic desktop,Synthetic OS,Synthetic Browser,1920 x 1080,1440 x 900,,,,Discrimination Task G1,SYNTHETIC,G1,G1,G1,7,Display 1,Screen 1,,,response,20,,,,5062.3,,,5062.3,1,5062.3,,,,Response,,,Display1,disc_20_1_tab20sa.png,20,tab20sa,1,sa,discrimination,How many distinct classes do you see?,20,1
200,1789993400000,21/09/2026 12:23:20,1789993400000,1,21/09/2026 13:23:20,229051,38,synthetic-g1,,SYN-S1-S1_PRIV_009,S1PUB009,S1_PRIV_009,,complete,SYNTHETIC,,computer,Synthetic desktop,Synthetic OS,Synthetic Browser,1920 x 1080,1440 x 900,,,,Discrimination Task G1,SYNTHETIC,G1,G1,G1,8,Display 1,Screen 1,,,response,20,,,,7990.2,,,7990.2,1,7990.2,,,,Response,,,Display1,disc_20_2_tab20.png,20,tab20,2,baseline,discrimination,How many distinct classes do you see?,20,1
201,1789993407000,21/09/2026 12:23:27,1789993407000,1,21/09/2026 13:23:27,229051,38,synthetic-g1,,SYN-S1-S1_PRIV_009,S1PUB009,S1_PRIV_009,,complete,SYNTHETIC,,computer,Synthetic desktop,Synthetic OS,Synthetic Browser,1920 x 1080,1440 x 900,,,,Discrimination Task G1,SYNTHETIC,G1,G1,G1,9,Display 1,Screen 1,,,response,10,,,,7444.7,,,7444.7,1,7444.7,,,,Response,,,Display1,disc_10_3_tab20sa.png,10,tab20sa,3,sa,discrimination,How many distinct classes do you see?,10,1
202,1789993414000,21/09/2026 12:23:34,1789993414000,1,21/09/2026 13:23:34,229051,38,synthetic-g1,,SYN-S1-S1_PRIV_009,S1PUB009,S1_PRIV_009,,complete,SYNTHETIC,,computer,Synthetic desktop,Synthetic OS,Synthetic Browser,1920 x 1080,1440 x 900,,,,Discrimination Task G1,SYNTHETIC,G1,G1,G1,10,Display 1,Screen 1,,,response,20,,,,6066.3,,,6066.3,1,6066.3,,,,Response,,,Display1,disc_20_2_tab20sa.png,20,tab20sa,2,sa,discrimination,How many distinct classes do you see?,20,1
203,1789993421000,21/09/2026 12:23:41,1789993421000,1,21/09/2026 13:23:41,229051,38,synthetic-g1,,SYN-S1-S1_PRIV_009,S1PUB009,S1_PRIV_009,,complete,SYNTHETIC,,computer,Synthetic desktop,Synthetic OS,Synthetic Browser,1920 x 1080,1440 x 900,,,,Discrimination Task G1,SYNTHETIC,G1,G1,G1,11,Display 1,Screen 1,,,response,25,,,,9110.5,,,9110.5,0,9110.5,,,,Response,,,Display1,disc_30_3_tab20.png,30,tab20,3,baseline,discrimination,How many distinct classes do you see?,30,1
204,1789993428000,21/09/2026 12:23:48,1789993428000,1,21/09/2026 13:23:48,229051,38,synthetic-g1,,SYN-S1-S1_PRIV_009,S1PUB009,S1_PRIV_009,,complete,SYNTHETIC,,computer,Synthetic desktop,Synthetic OS,Synthetic Browser,1920 x 1080,1440 x 900,,,,Discrimination Task G1,SYNTHETIC,G1,G1,G1,12,Display 1,Screen 1,,,response,25,,,,9223.4,,,9223.4,0,9223.4,,,,Response,,,Display1,disc_30_1_tab20sa.png,30,tab20sa,1,sa,discrimination,How many distinct classes do you see?,30,1
205,1789993435000,21/09/2026 12:23:55,1789993435000,1,21/09/2026 13:23:55,229051,38,synthetic-g1,,SYN-S1-S1_PRIV_009,S1PUB009,S1_PRIV_009,,complete,SYNTHETIC,,computer,Synthetic desktop,Synthetic OS,Synthetic Browser,1920 x 1080,1440 x 900,,,,Discrimination Task G1,SYNTHETIC,G1,G1,G1,13,Display 1,Screen 1,,,response,20,,,,10163.6,,,10163.6,1,10163.6,,,,Response,,,Display1,disc_20_3_tab20.png,20,tab20,3,baseline,discrimination,How many distinct classes do you see?,20,1
206,1789993442000,21/09/2026 12:24:02,1789993442000,1,21/09/2026 13:24:02,229051,38,synthetic-g1,,SYN-S1-S1_PRIV_009,S1PUB009,S1_PRIV_009,,complete,SYNTHETIC,,computer,Synthetic desktop,Synthetic OS,Synthetic Browser,1920 x 1080,1440 x 900,,,,Discrimination Task G1,SYNTHETIC,G1,G1,G1,14,Display 1,Screen 1,,,response,10,,,,5097.3,,,5097.3,1,5097.3,,,,Response,,,Display1,disc_10_1_tab20sa.png,10,tab20sa,1,sa,discrimination,How many distinct classes do you see?,10,1
207,1789993449000,21/09/2026 12:24:09,1789993449000,1,21/09/2026 13:24:09,229051,38,synthetic-g1,,SYN-S1-S1_PRIV_009,S1PUB009,S1_PRIV_009,,complete,SYNTHETIC,,computer,Synthetic desktop,Synthetic OS,Synthetic Browser,1920 x 1080,1440 x 900,,,,Discrimination Task G1,SYNTHETIC,G1,G1,G1,15,Display 1,Screen 1,,,response,30,,,,5403.8,,,5403.8,1,5403.8,,,,Response,,,Display1,disc_30_2_tab20sa.png,30,tab20sa,2,sa,discrimination,How many distinct classes do you see?,30,1
208,1789993456000,21/09/2026 12:24:16,1789993456000,1,21/09/2026 13:24:16,229051,38,synthetic-g1,,SYN-S1-S1_PRIV_009,S1PUB009,S1_PRIV_009,,complete,SYNTHETIC,,computer,Synthetic desktop,Synthetic OS,Synthetic Browser,1920 x 1080,1440 x 900,,,,Discrimination Task G1,SYNTHETIC,G1,G1,G1,16,Display 1,Screen 1,,,response,30,,,,5546.9,,,5546.9,1,5546.9,,,,Response,,,Display1,disc_30_2_tab20.png,30,tab20,2,baseline,discrimination,How many distinct classes do you see?,30,1
209,1789993463000,21/09/2026 12:24:23,1789993463000,1,21/09/2026 13:24:23,229051,38,synthetic-g1,,SYN-S1-S1_PRIV_009,S1PUB009,S1_PRIV_009,,complete,SYNTHETIC,,computer,Synthetic desktop,Synthetic OS,Synthetic Browser,1920 x 1080,1440 x 900,,,,Discrimination Task G1,SYNTHETIC,G1,G1,G1,17,Display 1,Screen 1,,,response,10,,,,4776.7,,,4776.7,1,4776.7,,,,Response,,,Display1,disc_10_3_tab20.png,10,tab20,3,baseline,discrimination,How many distinct classes do you see?,10,1
210,1789993470000,21/09/2026 12:24:30,1789993470000,1,21/09/2026 13:24:30,229051,38,synthetic-g1,,SYN-S1-S1_PRIV_009,S1PUB009,S1_PRIV_009,,complete,SYNTHETIC,,computer,Synthetic desktop,Synthetic OS,Synthetic Browser,1920 x 1080,1440 x 900,,,,Discrimination Task G1,SYNTHETIC,G1,G1,G1,18,Display 1,Screen 1,,,response,30,,,,9477.6,,,9477.6,1,9477.6,,,,Response,,,Display1,disc_30_3_tab20sa.png,30,tab20sa,3,sa,discrimination,How many distinct classes do you see?,30,1
211,1789993477000,21/09/2026 12:24:37,1789993477000,1,21/09/2026 13:24:37,229051,38,synthetic-g1,,SYN-S1-S1_PRIV_009,S1PUB009,S1_PRIV_009,,complete,SYNTHETIC,,computer,Synthetic desktop,Synthetic OS,Synthetic Browser,1920 x 1080,1440 x 900,,,,Discrimination Task G1,SYNTHETIC,G1,G1,G1,19,Display 1,Screen 1,,,response,10,,,,5519.1,,,5519.1,1,5519.1,,,,Response,,,Display1,disc_10_2_tab20.png,10,tab20,2,baseline,discrimination,How many distinct classes do you see?,10,1
212,1789993484000,21/09/2026 12:24:44,1789993484000,1,21/09/2026 13:24:44,229051,38,synthetic-g1,,SYN-S1-S1_PRIV_009,S1PUB009,S1_PRIV_009,,complete,SYNTHETIC,,computer,Synthetic desktop,Synthetic OS,Synthetic Browser,1920 x 1080,1440 x 900,,,,Discrimination Task G1,SYNTHETIC,G1,G1,G1,20,Display 1,Screen 1,,,response,20,,,,8089.8,,,8089.8,1,8089.8,,,,Response,,,Display1,disc_20_3_tab20sa.png,20,tab20sa,3,sa,discrimination,How many distinct classes do you see?,20,1
213,1789993491000,21/09/2026 12:24:51,1789993491000,1,21/09/2026 13:24:51,229051,38,synthetic-g1,,SYN-S1-S1_PRIV_009,S1PUB009,S1_PRIV_009,,complete,SYNTHETIC,,computer,Synthetic desktop,Synthetic OS,Synthetic Browser,1920 x 1080,1440 x 900,,,,Discrimination Task G1,SYNTHETIC,G1,G1,G1,21,Display 1,Screen 1,,,response,5,,,,4971.8,,,4971.8,1,4971.8,,,,Response,,,Display1,disc_5_2_tab20sa.png,5,tab20sa,2,sa,discrimination,How many distinct classes do you see?,5,1
214,1789993498000,21/09/2026 12:24:58,1789993498000,1,21/09/2026 13:24:58,229051,38,synthetic-g1,,SYN-S1-S1_PRIV_009,S1PUB009,S1_PRIV_009,,complete,SYNTHETIC,,computer,Synthetic desktop,Synthetic OS,Synthetic Browser,1920 x 1080,1440 x 900,,,,Discrimination Task G1,SYNTHETIC,G1,G1,G1,22,Display 1,Screen 1,,,response,15,,,,2911.8,,,2911.8,0,2911.8,,,,Response,,,Display1,disc_10_2_tab20sa.png,10,tab20sa,2,sa,discrimination,How many distinct classes do you see?,10,1
215,1789993505000,21/09/2026 12:25:05,1789993505000,1,21/09/2026 13:25:05,229051,38,synthetic-g1,,SYN-S1-S1_PRIV_009,S1PUB009,S1_PRIV_009,,complete,SYNTHETIC,,computer,Synthetic desktop,Synthetic OS,Synthetic Browser,1920 x 1080,1440 x 900,,,,Discrimination Task G1,SYNTHETIC,G1,G1,G1,23,Display 1,Screen 1,,,response,5,,,,3353.5,,,3353.5,1,3353.5,,,,Response,,,Display1,disc_5_3_tab20.png,5,tab20,3,baseline,discrimination,How many distinct classes do you see?,5,1
216,1789993512000,21/09/2026 12:25:12,1789993512000,1,21/09/2026 13:25:12,229051,38,synthetic-g1,,SYN-S1-S1_PRIV_009,S1PUB009,S1_PRIV_009,,complete,SYNTHETIC,,computer,Synthetic desktop,Synthetic OS,Synthetic Browser,1920 x 1080,1440 x 900,,,,Discrimination Task G1,SYNTHETIC,G1,G1,G1,24,Display 1,Screen 1,,,response,5,,,,1237.0,,,1237.0,1,1237.0,,,,Response,,,Display1,disc_5_1_tab20.png,5,tab20,1,baseline,discrimination,How many distinct classes do you see?,5,1
217,1789993519000,21/09/2026 12:25:19,1789993519000,1,21/09/2026 13:25:19,229051,38,synthetic-g1,,SYN-S1-S1_PRIV_010,S1PUB010,S1_PRIV_010,,complete,SYNTHETIC,,computer,Synthetic desktop,Synthetic OS,Synthetic Browser,1920 x 1080,1440 x 900,,,,Discrimination Task G1,SYNTHETIC,G1,G1,G1,1,Display 1,Screen 1,,,response,10,,,,3065.8,,,3065.8,1,3065.8,,,,Response,,,Display1,disc_10_1_tab20sa.png,10,tab20sa,1,sa,discrimination,How many distinct classes do you see?,10,1
218,1789993526000,21/09/2026 12:25:26,1789993526000,1,21/09/2026 13:25:26,229051,38,synthetic-g1,,SYN-S1-S1_PRIV_010,S1PUB010,S1_PRIV_010,,complete,SYNTHETIC,,computer,Synthetic desktop,Synthetic OS,Synthetic Browser,1920 x 1080,1440 x 900,,,,Discrimination Task G1,SYNTHETIC,G1,G1,G1,2,Display 1,Screen 1,,,response,25,,,,8355.4,,,8355.4,0,8355.4,,,,Response,,,Display1,disc_30_3_tab20.png,30,tab20,3,baseline,discrimination,How many distinct classes do you see?,30,1
219,1789993533000,21/09/2026 12:25:33,1789993533000,1,21/09/2026 13:25:33,229051,38,synthetic-g1,,SYN-S1-S1_PRIV_010,S1PUB010,S1_PRIV_010,,complete,SYNTHETIC,,computer,Synthetic desktop,Synthetic OS,Synthetic Browser,1920 x 1080,1440 x 900,,,,Discrimination Task G1,SYNTHETIC,G1,G1,G1,3,Display 1,Screen 1,,,response,15,,,,5998.6,,,5998.6,0,5998.6,,,,Response,,,Display1,disc_20_3_tab20sa.png,20,tab20sa,3,sa,discrimination,How many distinct classes do you see?,20,1
220,1789993540000,21/09/2026 12:25:40,1789993540000,1,21/09/2026 13:25:40,229051,38,synthetic-g1,,SYN-S1-S1_PRIV_010,S1PUB010,S1_PRIV_010,,complete,SYNTHETIC,,computer,Synthetic desktop,Synthetic OS,Synthetic Browser,1920 x 1080,1440 x 900,,,,Discrimination Task G1,SYNTHETIC,G1,G1,G1,4,Display 1,Screen 1,,,response,30,,,,11470.4,,,11470.4,1,11470.4,,,,Response,,,Display1,disc_30_1_tab20.png,30,tab20,1,baseline,discrimination,How many distinct classes do you see?,30,1
221,1789993547000,21/09/2026 12:25:47,1789993547000,1,21/09/2026 13:25:47,229051,38,synthetic-g1,,SYN-S1-S1_PRIV_010,S1PUB010,S1_PRIV_010,,complete,SYNTHETIC,,computer,Synthetic desktop,Synthetic OS,Synthetic Browser,1920 x 1080,1440 x 900,,,,Discrimination Task G1,SYNTHETIC,G1,G1,G1,5,Display 1,Screen 1,,,response,20,,,,5838.0,,,5838.0,1,5838.0,,,,Response,,,Display1,disc_20_1_tab20.png,20,tab20,1,baseline,discrimination,How many distinct classes do you see?,20,1
222,1789993554000,21/09/2026 12:25:54,1789993554000,1,21/09/2026 13:25:54,229051,38,synthetic-g1,,SYN-S1-S1_PRIV_010,S1PUB010,S1_PRIV_010,,complete,SYNTHETIC,,computer,Synthetic desktop,Synthetic OS,Synthetic Browser,1920 x 1080,1440 x 900,,,,Discrimination Task G1,SYNTHETIC,G1,G1,G1,6,Display 1,Screen 1,,,response,30,,,,9939.2,,,9939.2,1,9939.2,,,,Response,,,Display1,disc_30_2_tab20sa.png,30,tab20sa,2,sa,discrimination,How many distinct classes do you see?,30,1
223,1789993561000,21/09/2026 12:26:01,1789993561000,1,21/09/2026 13:26:01,229051,38,synthetic-g1,,SYN-S1-S1_PRIV_010,S1PUB010,S1_PRIV_010,,complete,SYNTHETIC,,computer,Synthetic desktop,Synthetic OS,Synthetic Browser,1920 x 1080,1440 x 900,,,,Discrimination Task G1,SYNTHETIC,G1,G1,G1,7,Display 1,Screen 1,,,response,20,,,,12537.0,,,12537.0,1,12537.0,,,,Response,,,Display1,disc_20_3_tab20.png,20,tab20,3,baseline,discrimination,How many distinct classes do you see?,20,1
224,1789993568000,21/09/2026 12:26:08,1789993568000,1,21/09/2026 13:26:08,229051,38,synthetic-g1,,SYN-S1-S1_PRIV_010,S1PUB010,S1_PRIV_010,,complete,SYNTHETIC,,computer,Synthetic desktop,Synthetic OS,Synthetic Browser,1920 x 1080,1440 x 900,,,,Discrimination Task G1,SYNTHETIC,G1,G1,G1,8,Display 1,Screen 1,,,response,5,,,,3410.9,,,3410.9,1,3410.9,,,,Response,,,Display1,disc_5_2_tab20.png,5,tab20,2,baseline,discrimination,How many distinct classes do you see?,5,1
225,1789993575000,21/09/2026 12:26:15,1789993575000,1,21/09/2026 13:26:15,229051,38,synthetic-g1,,SYN-S1-S1_PRIV_010,S1PUB010,S1_PRIV_010,,complete,SYNTHETIC,,computer,Synthetic desktop,Synthetic OS,Synthetic Browser,1920 x 1080,1440 x 900,,,,Discrimination Task G1,SYNTHETIC,G1,G1,G1,9,Display 1,Screen 1,,,response,25,,,,8970.9,,,8970.9,0,8970.9,,,,Response,,,Display1,disc_30_2_tab20.png,30,tab20,2,baseline,discrimination,How many distinct classes do you see?,30,1
226,1789993582000,21/09/2026 12:26:22,1789993582000,1,21/09/2026 13:26:22,229051,38,synthetic-g1,,SYN-S1-S1_PRIV_010,S1PUB010,S1_PRIV_010,,complete,SYNTHETIC,,computer,Synthetic desktop,Synthetic OS,Synthetic Browser,1920 x 1080,1440 x 900,,,,Discrimination Task G1,SYNTHETIC,G1,G1,G1,10,Display 1,Screen 1,,,response,5,,,,2124.5,,,2124.5,1,2124.5,,,,Response,,,Display1,disc_5_1_tab20.png,5,tab20,1,baseline,discrimination,How many distinct classes do you see?,5,1
227,1789993589000,21/09/2026 12:26:29,1789993589000,1,21/09/2026 13:26:29,229051,38,synthetic-g1,,SYN-S1-S1_PRIV_010,S1PUB010,S1_PRIV_010,,complete,SYNTHETIC,,computer,Synthetic desktop,Synthetic OS,Synthetic Browser,1920 x 1080,1440 x 900,,,,Discrimination Task G1,SYNTHETIC,G1,G1,G1,11,Display 1,Screen 1,,,response,10,,,,5193.9,,,5193.9,1,5193.9,,,,Response,,,Display1,disc_10_1_tab20.png,10,tab20,1,baseline,discrimination,How many distinct classes do you see?,10,1
228,1789993596000,21/09/2026 12:26:36,1789993596000,1,21/09/2026 13:26:36,229051,38,synthetic-g1,,SYN-S1-S1_PRIV_010,S1PUB010,S1_PRIV_010,,complete,SYNTHETIC,,computer,Synthetic desktop,Synthetic OS,Synthetic Browser,1920 x 1080,1440 x 900,,,,Discrimination Task G1,SYNTHETIC,G1,G1,G1,12,Display 1,Screen 1,,,response,20,,,,8714.1,,,8714.1,1,8714.1,,,,Response,,,Display1,disc_20_1_tab20sa.png,20,tab20sa,1,sa,discrimination,How many distinct classes do you see?,20,1
229,1789993603000,21/09/2026 12:26:43,1789993603000,1,21/09/2026 13:26:43,229051,38,synthetic-g1,,SYN-S1-S1_PRIV_010,S1PUB010,S1_PRIV_010,,complete,SYNTHETIC,,computer,Synthetic desktop,Synthetic OS,Synthetic Browser,1920 x 1080,1440 x 900,,,,Discrimination Task G1,SYNTHETIC,G1,G1,G1,13,Display 1,Screen 1,,,response,20,,,,5632.8,,,5632.8,1,5632.8,,,,Response,,,Display1,disc_20_2_tab20sa.png,20,tab20sa,2,sa,discrimination,How many distinct classes do you see?,20,1
230,1789993610000,21/09/2026 12:26:50,1789993610000,1,21/09/2026 13:26:50,229051,38,synthetic-g1,,SYN-S1-S1_PRIV_010,S1PUB010,S1_PRIV_010,,complete,SYNTHETIC,,computer,Synthetic desktop,Synthetic OS,Synthetic Browser,1920 x 1080,1440 x 900,,,,Discrimination Task G1,SYNTHETIC,G1,G1,G1,14,Display 1,Screen 1,,,response,10,,,,8663.1,,,8663.1,1,8663.1,,,,Response,,,Display1,disc_10_2_tab20sa.png,10,tab20sa,2,sa,discrimination,How many distinct classes do you see?,10,1
231,1789993617000,21/09/2026 12:26:57,1789993617000,1,21/09/2026 13:26:57,229051,38,synthetic-g1,,SYN-S1-S1_PRIV_010,S1PUB010,S1_PRIV_010,,complete,SYNTHETIC,,computer,Synthetic desktop,Synthetic OS,Synthetic Browser,1920 x 1080,1440 x 900,,,,Discrimination Task G1,SYNTHETIC,G1,G1,G1,15,Display 1,Screen 1,,,response,5,,,,3933.0,,,3933.0,1,3933.0,,,,Response,,,Display1,disc_5_1_tab20sa.png,5,tab20sa,1,sa,discrimination,How many distinct classes do you see?,5,1
232,1789993624000,21/09/2026 12:27:04,1789993624000,1,21/09/2026 13:27:04,229051,38,synthetic-g1,,SYN-S1-S1_PRIV_010,S1PUB010,S1_PRIV_010,,complete,SYNTHETIC,,computer,Synthetic desktop,Synthetic OS,Synthetic Browser,1920 x 1080,1440 x 900,,,,Discrimination Task G1,SYNTHETIC,G1,G1,G1,16,Display 1,Screen 1,,,response,5,,,,3011.6,,,3011.6,1,3011.6,,,,Response,,,Display1,disc_5_3_tab20.png,5,tab20,3,baseline,discrimination,How many distinct classes do you see?,5,1
233,1789993631000,21/09/2026 12:27:11,1789993631000,1,21/09/2026 13:27:11,229051,38,synthetic-g1,,SYN-S1-S1_PRIV_010,S1PUB010,S1_PRIV_010,,complete,SYNTHETIC,,computer,Synthetic desktop,Synthetic OS,Synthetic Browser,1920 x 1080,1440 x 900,,,,Discrimination Task G1,SYNTHETIC,G1,G1,G1,17,Display 1,Screen 1,,,response,5,,,,3135.8,,,3135.8,1,3135.8,,,,Response,,,Display1,disc_5_3_tab20sa.png,5,tab20sa,3,sa,discrimination,How many distinct classes do you see?,5,1
234,1789993638000,21/09/2026 12:27:18,1789993638000,1,21/09/2026 13:27:18,229051,38,synthetic-g1,,SYN-S1-S1_PRIV_010,S1PUB010,S1_PRIV_010,,complete,SYNTHETIC,,computer,Synthetic desktop,Synthetic OS,Synthetic Browser,1920 x 1080,1440 x 900,,,,Discrimination Task G1,SYNTHETIC,G1,G1,G1,18,Display 1,Screen 1,,,response,15,,,,3437.1,,,3437.1,0,3437.1,,,,Response,,,Display1,disc_20_2_tab20.png,20,tab20,2,baseline,discrimination,How many distinct classes do you see?,20,1
235,1789993645000,21/09/2026 12:27:25,1789993645000,1,21/09/2026 13:27:25,229051,38,synthetic-g1,,SYN-S1-S1_PRIV_010,S1PUB010,S1_PRIV_010,,complete,SYNTHETIC,,computer,Synthetic desktop,Synthetic OS,Synthetic Browser,1920 x 1080,1440 x 900,,,,Discrimination Task G1,SYNTHETIC,G1,G1,G1,19,Display 1,Screen 1,,,response,5,,,,4405.1,,,4405.1,0,4405.1,,,,Response,,,Display1,disc_10_3_tab20.png,10,tab20,3,baseline,discrimination,How many distinct classes do you see?,10,1
236,1789993652000,21/09/2026 12:27:32,1789993652000,1,21/09/2026 13:27:32,229051,38,synthetic-g1,,SYN-S1-S1_PRIV_010,S1PUB010,S1_PRIV_010,,complete,SYNTHETIC,,computer,Synthetic desktop,Synthetic OS,Synthetic Browser,1920 x 1080,1440 x 900,,,,Discrimination Task G1,SYNTHETIC,G1,G1,G1,20,Display 1,Screen 1,,,response,10,,,,4362.1,,,4362.1,1,4362.1,,,,Response,,,Display1,disc_10_3_tab20sa.png,10,tab20sa,3,sa,discrimination,How many distinct classes do you see?,10,1
237,1789993659000,21/09/2026 12:27:39,1789993659000,1,21/09/2026 13:27:39,229051,38,synthetic-g1,,SYN-S1-S1_PRIV_010,S1PUB010,S1_PRIV_010,,complete,SYNTHETIC,,computer,Synthetic desktop,Synthetic OS,Synthetic Browser,1920 x 1080,1440 x 900,,,,Discrimination Task G1,SYNTHETIC,G1,G1,G1,21,Display 1,Screen 1,,,response,30,,,,8179.2,,,8179.2,1,8179.2,,,,Response,,,Display1,disc_30_3_tab20sa.png,30,tab20sa,3,sa,discrimination,How many distinct classes do you see?,30,1
238,1789993666000,21/09/2026 12:27:46,1789993666000,1,21/09/2026 13:27:46,229051,38,synthetic-g1,,SYN-S1-S1_PRIV_010,S1PUB010,S1_PRIV_010,,complete,SYNTHETIC,,computer,Synthetic desktop,Synthetic OS,Synthetic Browser,1920 x 1080,1440 x 900,,,,Discrimination Task G1,SYNTHETIC,G1,G1,G1,22,Display 1,Screen 1,,,response,10,,,,3987.3,,,3987.3,1,3987.3,,,,Response,,,Display1,disc_10_2_tab20.png,10,tab20,2,baseline,discrimination,How many distinct classes do you see?,10,1
239,1789993673000,21/09/2026 12:27:53,1789993673000,1,21/09/2026 13:27:53,229051,38,synthetic-g1,,SYN-S1-S1_PRIV_010,S1PUB010,S1_PRIV_010,,complete,SYNTHETIC,,computer,Synthetic desktop,Synthetic OS,Synthetic Browser,1920 x 1080,1440 x 900,,,,Discrimination Task G1,SYNTHETIC,G1,G1,G1,23,Display 1,Screen 1,,,response,5,,,,4351.0,,,4351.0,1,4351.0,,,,Response,,,Display1,disc_5_2_tab20sa.png,5,tab20sa,2,sa,discrimination,How many distinct classes do you see?,5,1
240,1789993680000,21/09/2026 12:28:00,1789993680000,1,21/09/2026 13:28:00,229051,38,synthetic-g1,,SYN-S1-S1_PRIV_010,S1PUB010,S1_PRIV_010,,complete,SYNTHETIC,,computer,Synthetic desktop,Synthetic OS,Synthetic Browser,1920 x 1080,1440 x 900,,,,Discrimination Task G1,SYNTHETIC,G1,G1,G1,24,Display 1,Screen 1,,,response,30,,,,13760.2,,,13760.2,1,13760.2,,,,Response,,,Display1,disc_30_1_tab20sa.png,30,tab20sa,1,sa,discrimination,How many distinct classes do you see?,30,1
241,1789993687000,21/09/2026 12:28:07,1789993687000,1,21/09/2026 13:28:07,229051,38,synthetic-g1,,SYN-S1-S1_PRIV_011,S1PUB011,S1_PRIV_011,,complete,SYNTHETIC,,computer,Synthetic desktop,Synthetic OS,Synthetic Browser,1920 x 1080,1440 x 900,,,,Discrimination Task G1,SYNTHETIC,G1,G1,G1,1,Display 1,Screen 1,,,response,25,,,,6542.2,,,6542.2,0,6542.2,,,,Response,,,Display1,disc_30_2_tab20.png,30,tab20,2,baseline,discrimination,How many distinct classes do you see?,30,1
242,1789993694000,21/09/2026 12:28:14,1789993694000,1,21/09/2026 13:28:14,229051,38,synthetic-g1,,SYN-S1-S1_PRIV_011,S1PUB011,S1_PRIV_011,,complete,SYNTHETIC,,computer,Synthetic desktop,Synthetic OS,Synthetic Browser,1920 x 1080,1440 x 900,,,,Discrimination Task G1,SYNTHETIC,G1,G1,G1,2,Display 1,Screen 1,,,response,10,,,,3641.3,,,3641.3,1,3641.3,,,,Response,,,Display1,disc_10_2_tab20sa.png,10,tab20sa,2,sa,discrimination,How many distinct classes do you see?,10,1
243,1789993701000,21/09/2026 12:28:21,1789993701000,1,21/09/2026 13:28:21,229051,38,synthetic-g1,,SYN-S1-S1_PRIV_011,S1PUB011,S1_PRIV_011,,complete,SYNTHETIC,,computer,Synthetic desktop,Synthetic OS,Synthetic Browser,1920 x 1080,1440 x 900,,,,Discrimination Task G1,SYNTHETIC,G1,G1,G1,3,Display 1,Screen 1,,,response,20,,,,3301.6,,,3301.6,1,3301.6,,,,Response,,,Display1,disc_20_2_tab20sa.png,20,tab20sa,2,sa,discrimination,How many distinct classes do you see?,20,1
244,1789993708000,21/09/2026 12:28:28,1789993708000,1,21/09/2026 13:28:28,229051,38,synthetic-g1,,SYN-S1-S1_PRIV_011,S1PUB011,S1_PRIV_011,,complete,SYNTHETIC,,computer,Synthetic desktop,Synthetic OS,Synthetic Browser,1920 x 1080,1440 x 900,,,,Discrimination Task G1,SYNTHETIC,G1,G1,G1,4,Display 1,Screen 1,,,response,25,,,,7131.6,,,7131.6,0,7131.6,,,,Response,,,Display1,disc_30_1_tab20.png,30,tab20,1,baseline,discrimination,How many distinct classes do you see?,30,1
245,1789993715000,21/09/2026 12:28:35,1789993715000,1,21/09/2026 13:28:35,229051,38,synthetic-g1,,SYN-S1-S1_PRIV_011,S1PUB011,S1_PRIV_011,,complete,SYNTHETIC,,computer,Synthetic desktop,Synthetic OS,Synthetic Browser,1920 x 1080,1440 x 900,,,,Discrimination Task G1,SYNTHETIC,G1,G1,G1,5,Display 1,Screen 1,,,response,5,,,,3037.9,,,3037.9,1,3037.9,,,,Response,,,Display1,disc_5_1_tab20.png,5,tab20,1,baseline,discrimination,How many distinct classes do you see?,5,1
246,1789993722000,21/09/2026 12:28:42,1789993722000,1,21/09/2026 13:28:42,229051,38,synthetic-g1,,SYN-S1-S1_PRIV_011,S1PUB011,S1_PRIV_011,,complete,SYNTHETIC,,computer,Synthetic desktop,Synthetic OS,Synthetic Browser,1920 x 1080,1440 x 900,,,,Discrimination Task G1,SYNTHETIC,G1,G1,G1,6,Display 1,Screen 1,,,response,20,,,,7560.8,,,7560.8,1,7560.8,,,,Response,,,Display1,disc_20_3_tab20sa.png,20,tab20sa,3,sa,discrimination,How many distinct classes do you see?,20,1
247,1789993729000,21/09/2026 12:28:49,1789993729000,1,21/09/2026 13:28:49,229051,38,synthetic-g1,,SYN-S1-S1_PRIV_011,S1PUB011,S1_PRIV_011,,complete,SYNTHETIC,,computer,Synthetic desktop,Synthetic OS,Synthetic Browser,1920 x 1080,1440 x 900,,,,Discrimination Task G1,SYNTHETIC,G1,G1,G1,7,Display 1,Screen 1,,,response,5,,,,6487.1,,,6487.1,1,6487.1,,,,Response,,,Display1,disc_5_3_tab20.png,5,tab20,3,baseline,discrimination,How many distinct classes do you see?,5,1
248,1789993736000,21/09/2026 12:28:56,1789993736000,1,21/09/2026 13:28:56,229051,38,synthetic-g1,,SYN-S1-S1_PRIV_011,S1PUB011,S1_PRIV_011,,complete,SYNTHETIC,,computer,Synthetic desktop,Synthetic OS,Synthetic Browser,1920 x 1080,1440 x 900,,,,Discrimination Task G1,SYNTHETIC,G1,G1,G1,8,Display 1,Screen 1,,,response,15,,,,4473.4,,,4473.4,0,4473.4,,,,Response,,,Display1,disc_20_1_tab20.png,20,tab20,1,baseline,discrimination,How many distinct classes do you see?,20,1
249,1789993743000,21/09/2026 12:29:03,1789993743000,1,21/09/2026 13:29:03,229051,38,synthetic-g1,,SYN-S1-S1_PRIV_011,S1PUB011,S1_PRIV_011,,complete,SYNTHETIC,,computer,Synthetic desktop,Synthetic OS,Synthetic Browser,1920 x 1080,1440 x 900,,,,Discrimination Task G1,SYNTHETIC,G1,G1,G1,9,Display 1,Screen 1,,,response,25,,,,5092.7,,,5092.7,0,5092.7,,,,Response,,,Display1,disc_30_1_tab20sa.png,30,tab20sa,1,sa,discrimination,How many distinct classes do you see?,30,1
250,1789993750000,21/09/2026 12:29:10,1789993750000,1,21/09/2026 13:29:10,229051,38,synthetic-g1,,SYN-S1-S1_PRIV_011,S1PUB011,S1_PRIV_011,,complete,SYNTHETIC,,computer,Synthetic desktop,Synthetic OS,Synthetic Browser,1920 x 1080,1440 x 900,,,,Discrimination Task G1,SYNTHETIC,G1,G1,G1,10,Display 1,Screen 1,,,response,5,,,,2575.9,,,2575.9,1,2575.9,,,,Response,,,Display1,disc_5_2_tab20.png,5,tab20,2,baseline,discrimination,How many distinct classes do you see?,5,1
251,1789993757000,21/09/2026 12:29:17,1789993757000,1,21/09/2026 13:29:17,229051,38,synthetic-g1,,SYN-S1-S1_PRIV_011,S1PUB011,S1_PRIV_011,,complete,SYNTHETIC,,computer,Synthetic desktop,Synthetic OS,Synthetic Browser,1920 x 1080,1440 x 900,,,,Discrimination Task G1,SYNTHETIC,G1,G1,G1,11,Display 1,Screen 1,,,response,10,,,,2848.7,,,2848.7,1,2848.7,,,,Response,,,Display1,disc_10_1_tab20.png,10,tab20,1,baseline,discrimination,How many distinct classes do you see?,10,1
252,1789993764000,21/09/2026 12:29:24,1789993764000,1,21/09/2026 13:29:24,229051,38,synthetic-g1,,SYN-S1-S1_PRIV_011,S1PUB011,S1_PRIV_011,,complete,SYNTHETIC,,computer,Synthetic desktop,Synthetic OS,Synthetic Browser,1920 x 1080,1440 x 900,,,,Discrimination Task G1,SYNTHETIC,G1,G1,G1,12,Display 1,Screen 1,,,response,10,,,,7619.9,,,7619.9,1,7619.9,,,,Response,,,Display1,disc_10_2_tab20.png,10,tab20,2,baseline,discrimination,How many distinct classes do you see?,10,1
253,1789993771000,21/09/2026 12:29:31,1789993771000,1,21/09/2026 13:29:31,229051,38,synthetic-g1,,SYN-S1-S1_PRIV_011,S1PUB011,S1_PRIV_011,,complete,SYNTHETIC,,computer,Synthetic desktop,Synthetic OS,Synthetic Browser,1920 x 1080,1440 x 900,,,,Discrimination Task G1,SYNTHETIC,G1,G1,G1,13,Display 1,Screen 1,,,response,25,,,,15042.0,,,15042.0,0,15042.0,,,,Response,,,Display1,disc_30_3_tab20.png,30,tab20,3,baseline,discrimination,How many distinct classes do you see?,30,1
254,1789993778000,21/09/2026 12:29:38,1789993778000,1,21/09/2026 13:29:38,229051,38,synthetic-g1,,SYN-S1-S1_PRIV_011,S1PUB011,S1_PRIV_011,,complete,SYNTHETIC,,computer,Synthetic desktop,Synthetic OS,Synthetic Browser,1920 x 1080,1440 x 900,,,,Discrimination Task G1,SYNTHETIC,G1,G1,G1,14,Display 1,Screen 1,,,response,10,,,,4462.5,,,4462.5,1,4462.5,,,,Response,,,Display1,disc_10_3_tab20.png,10,tab20,3,baseline,discrimination,How many distinct classes do you see?,10,1
255,1789993785000,21/09/2026 12:29:45,1789993785000,1,21/09/2026 13:29:45,229051,38,synthetic-g1,,SYN-S1-S1_PRIV_011,S1PUB011,S1_PRIV_011,,complete,SYNTHETIC,,computer,Synthetic desktop,Synthetic OS,Synthetic Browser,1920 x 1080,1440 x 900,,,,Discrimination Task G1,SYNTHETIC,G1,G1,G1,15,Display 1,Screen 1,,,response,15,,,,12943.1,,,12943.1,0,12943.1,,,,Response,,,Display1,disc_20_3_tab20.png,20,tab20,3,baseline,discrimination,How many distinct classes do you see?,20,1
256,1789993792000,21/09/2026 12:29:52,1789993792000,1,21/09/2026 13:29:52,229051,38,synthetic-g1,,SYN-S1-S1_PRIV_011,S1PUB011,S1_PRIV_011,,complete,SYNTHETIC,,computer,Synthetic desktop,Synthetic OS,Synthetic Browser,1920 x 1080,1440 x 900,,,,Discrimination Task G1,SYNTHETIC,G1,G1,G1,16,Display 1,Screen 1,,,response,25,,,,5269.5,,,5269.5,0,5269.5,,,,Response,,,Display1,disc_30_2_tab20sa.png,30,tab20sa,2,sa,discrimination,How many distinct classes do you see?,30,1
257,1789993799000,21/09/2026 12:29:59,1789993799000,1,21/09/2026 13:29:59,229051,38,synthetic-g1,,SYN-S1-S1_PRIV_011,S1PUB011,S1_PRIV_011,,complete,SYNTHETIC,,computer,Synthetic desktop,Synthetic OS,Synthetic Browser,1920 x 1080,1440 x 900,,,,Discrimination Task G1,SYNTHETIC,G1,G1,G1,17,Display 1,Screen 1,,,response,30,,,,6693.3,,,6693.3,1,6693.3,,,,Response,,,Display1,disc_30_3_tab20sa.png,30,tab20sa,3,sa,discrimination,How many distinct classes do you see?,30,1
258,1789993806000,21/09/2026 12:30:06,1789993806000,1,21/09/2026 13:30:06,229051,38,synthetic-g1,,SYN-S1-S1_PRIV_011,S1PUB011,S1_PRIV_011,,complete,SYNTHETIC,,computer,Synthetic desktop,Synthetic OS,Synthetic Browser,1920 x 1080,1440 x 900,,,,Discrimination Task G1,SYNTHETIC,G1,G1,G1,18,Display 1,Screen 1,,,response,5,,,,3815.5,,,3815.5,1,3815.5,,,,Response,,,Display1,disc_5_3_tab20sa.png,5,tab20sa,3,sa,discrimination,How many distinct classes do you see?,5,1
259,1789993813000,21/09/2026 12:30:13,1789993813000,1,21/09/2026 13:30:13,229051,38,synthetic-g1,,SYN-S1-S1_PRIV_011,S1PUB011,S1_PRIV_011,,complete,SYNTHETIC,,computer,Synthetic desktop,Synthetic OS,Synthetic Browser,1920 x 1080,1440 x 900,,,,Discrimination Task G1,SYNTHETIC,G1,G1,G1,19,Display 1,Screen 1,,,response,10,,,,3376.2,,,3376.2,1,3376.2,,,,Response,,,Display1,disc_10_1_tab20sa.png,10,tab20sa,1,sa,discrimination,How many distinct classes do you see?,10,1
260,1789993820000,21/09/2026 12:30:20,1789993820000,1,21/09/2026 13:30:20,229051,38,synthetic-g1,,SYN-S1-S1_PRIV_011,S1PUB011,S1_PRIV_011,,complete,SYNTHETIC,,computer,Synthetic desktop,Synthetic OS,Synthetic Browser,1920 x 1080,1440 x 900,,,,Discrimination Task G1,SYNTHETIC,G1,G1,G1,20,Display 1,Screen 1,,,response,5,,,,1878.2,,,1878.2,1,1878.2,,,,Response,,,Display1,disc_5_2_tab20sa.png,5,tab20sa,2,sa,discrimination,How many distinct classes do you see?,5,1
261,1789993827000,21/09/2026 12:30:27,1789993827000,1,21/09/2026 13:30:27,229051,38,synthetic-g1,,SYN-S1-S1_PRIV_011,S1PUB011,S1_PRIV_011,,complete,SYNTHETIC,,computer,Synthetic desktop,Synthetic OS,Synthetic Browser,1920 x 1080,1440 x 900,,,,Discrimination Task G1,SYNTHETIC,G1,G1,G1,21,Display 1,Screen 1,,,response,10,,,,4663.4,,,4663.4,1,4663.4,,,,Response,,,Display1,disc_10_3_tab20sa.png,10,tab20sa,3,sa,discrimination,How many distinct classes do you see?,10,1
262,1789993834000,21/09/2026 12:30:34,1789993834000,1,21/09/2026 13:30:34,229051,38,synthetic-g1,,SYN-S1-S1_PRIV_011,S1PUB011,S1_PRIV_011,,complete,SYNTHETIC,,computer,Synthetic desktop,Synthetic OS,Synthetic Browser,1920 x 1080,1440 x 900,,,,Discrimination Task G1,SYNTHETIC,G1,G1,G1,22,Display 1,Screen 1,,,response,5,,,,3500.6,,,3500.6,1,3500.6,,,,Response,,,Display1,disc_5_1_tab20sa.png,5,tab20sa,1,sa,discrimination,How many distinct classes do you see?,5,1
263,1789993841000,21/09/2026 12:30:41,1789993841000,1,21/09/2026 13:30:41,229051,38,synthetic-g1,,SYN-S1-S1_PRIV_011,S1PUB011,S1_PRIV_011,,complete,SYNTHETIC,,computer,Synthetic desktop,Synthetic OS,Synthetic Browser,1920 x 1080,1440 x 900,,,,Discrimination Task G1,SYNTHETIC,G1,G1,G1,23,Display 1,Screen 1,,,response,20,,,,7774.6,,,7774.6,1,7774.6,,,,Response,,,Display1,disc_20_1_tab20sa.png,20,tab20sa,1,sa,discrimination,How many distinct classes do you see?,20,1
264,1789993848000,21/09/2026 12:30:48,1789993848000,1,21/09/2026 13:30:48,229051,38,synthetic-g1,,SYN-S1-S1_PRIV_011,S1PUB011,S1_PRIV_011,,complete,SYNTHETIC,,computer,Synthetic desktop,Synthetic OS,Synthetic Browser,1920 x 1080,1440 x 900,,,,Discrimination Task G1,SYNTHETIC,G1,G1,G1,24,Display 1,Screen 1,,,response,15,,,,7227.2,,,7227.2,0,7227.2,,,,Response,,,Display1,disc_20_2_tab20.png,20,tab20,2,baseline,discrimination,How many distinct classes do you see?,20,1
265,1789993855000,21/09/2026 12:30:55,1789993855000,1,21/09/2026 13:30:55,229051,38,synthetic-g1,,SYN-S1-S1_PRIV_012,S1PUB012,S1_PRIV_012,,complete,SYNTHETIC,,computer,Synthetic desktop,Synthetic OS,Synthetic Browser,1920 x 1080,1440 x 900,,,,Discrimination Task G1,SYNTHETIC,G1,G1,G1,1,Display 1,Screen 1,,,response,10,,,,4566.2,,,4566.2,1,4566.2,,,,Response,,,Display1,disc_10_3_tab20.png,10,tab20,3,baseline,discrimination,How many distinct classes do you see?,10,1
266,1789993862000,21/09/2026 12:31:02,1789993862000,1,21/09/2026 13:31:02,229051,38,synthetic-g1,,SYN-S1-S1_PRIV_012,S1PUB012,S1_PRIV_012,,complete,SYNTHETIC,,computer,Synthetic desktop,Synthetic OS,Synthetic Browser,1920 x 1080,1440 x 900,,,,Discrimination Task G1,SYNTHETIC,G1,G1,G1,2,Display 1,Screen 1,,,response,10,,,,4099.4,,,4099.4,1,4099.4,,,,Response,,,Display1,disc_10_2_tab20.png,10,tab20,2,baseline,discrimination,How many distinct classes do you see?,10,1
267,1789993869000,21/09/2026 12:31:09,1789993869000,1,21/09/2026 13:31:09,229051,38,synthetic-g1,,SYN-S1-S1_PRIV_012,S1PUB012,S1_PRIV_012,,complete,SYNTHETIC,,computer,Synthetic desktop,Synthetic OS,Synthetic Browser,1920 x 1080,1440 x 900,,,,Discrimination Task G1,SYNTHETIC,G1,G1,G1,3,Display 1,Screen 1,,,response,25,,,,9166.2,,,9166.2,0,9166.2,,,,Response,,,Display1,disc_30_1_tab20sa.png,30,tab20sa,1,sa,discrimination,How many distinct classes do you see?,30,1
268,1789993876000,21/09/2026 12:31:16,1789993876000,1,21/09/2026 13:31:16,229051,38,synthetic-g1,,SYN-S1-S1_PRIV_012,S1PUB012,S1_PRIV_012,,complete,SYNTHETIC,,computer,Synthetic desktop,Synthetic OS,Synthetic Browser,1920 x 1080,1440 x 900,,,,Discrimination Task G1,SYNTHETIC,G1,G1,G1,4,Display 1,Screen 1,,,response,30,,,,6146.9,,,6146.9,1,6146.9,,,,Response,,,Display1,disc_30_2_tab20.png,30,tab20,2,baseline,discrimination,How many distinct classes do you see?,30,1
269,1789993883000,21/09/2026 12:31:23,1789993883000,1,21/09/2026 13:31:23,229051,38,synthetic-g1,,SYN-S1-S1_PRIV_012,S1PUB012,S1_PRIV_012,,complete,SYNTHETIC,,computer,Synthetic desktop,Synthetic OS,Synthetic Browser,1920 x 1080,1440 x 900,,,,Discrimination Task G1,SYNTHETIC,G1,G1,G1,5,Display 1,Screen 1,,,response,25,,,,3775.4,,,3775.4,0,3775.4,,,,Response,,,Display1,disc_30_1_tab20.png,30,tab20,1,baseline,discrimination,How many distinct classes do you see?,30,1
270,1789993890000,21/09/2026 12:31:30,1789993890000,1,21/09/2026 13:31:30,229051,38,synthetic-g1,,SYN-S1-S1_PRIV_012,S1PUB012,S1_PRIV_012,,complete,SYNTHETIC,,computer,Synthetic desktop,Synthetic OS,Synthetic Browser,1920 x 1080,1440 x 900,,,,Discrimination Task G1,SYNTHETIC,G1,G1,G1,6,Display 1,Screen 1,,,response,5,,,,4896.2,,,4896.2,1,4896.2,,,,Response,,,Display1,disc_5_3_tab20sa.png,5,tab20sa,3,sa,discrimination,How many distinct classes do you see?,5,1
271,1789993897000,21/09/2026 12:31:37,1789993897000,1,21/09/2026 13:31:37,229051,38,synthetic-g1,,SYN-S1-S1_PRIV_012,S1PUB012,S1_PRIV_012,,complete,SYNTHETIC,,computer,Synthetic desktop,Synthetic OS,Synthetic Browser,1920 x 1080,1440 x 900,,,,Discrimination Task G1,SYNTHETIC,G1,G1,G1,7,Display 1,Screen 1,,,response,15,,,,9105.7,,,9105.7,0,9105.7,,,,Response,,,Display1,disc_20_3_tab20sa.png,20,tab20sa,3,sa,discrimination,How many distinct classes do you see?,20,1
272,1789993904000,21/09/2026 12:31:44,1789993904000,1,21/09/2026 13:31:44,229051,38,synthetic-g1,,SYN-S1-S1_PRIV_012,S1PUB012,S1_PRIV_012,,complete,SYNTHETIC,,computer,Synthetic desktop,Synthetic OS,Synthetic Browser,1920 x 1080,1440 x 900,,,,Discrimination Task G1,SYNTHETIC,G1,G1,G1,8,Display 1,Screen 1,,,response,20,,,,8045.3,,,8045.3,1,8045.3,,,,Response,,,Display1,disc_20_2_tab20sa.png,20,tab20sa,2,sa,discrimination,How many distinct classes do you see?,20,1
273,1789993911000,21/09/2026 12:31:51,1789993911000,1,21/09/2026 13:31:51,229051,38,synthetic-g1,,SYN-S1-S1_PRIV_012,S1PUB012,S1_PRIV_012,,complete,SYNTHETIC,,computer,Synthetic desktop,Synthetic OS,Synthetic Browser,1920 x 1080,1440 x 900,,,,Discrimination Task G1,SYNTHETIC,G1,G1,G1,9,Display 1,Screen 1,,,response,20,,,,6403.4,,,6403.4,1,6403.4,,,,Response,,,Display1,disc_20_3_tab20.png,20,tab20,3,baseline,discrimination,How many distinct classes do you see?,20,1
274,1789993918000,21/09/2026 12:31:58,1789993918000,1,21/09/2026 13:31:58,229051,38,synthetic-g1,,SYN-S1-S1_PRIV_012,S1PUB012,S1_PRIV_012,,complete,SYNTHETIC,,computer,Synthetic desktop,Synthetic OS,Synthetic Browser,1920 x 1080,1440 x 900,,,,Discrimination Task G1,SYNTHETIC,G1,G1,G1,10,Display 1,Screen 1,,,response,5,,,,3437.3,,,3437.3,1,3437.3,,,,Response,,,Display1,disc_5_2_tab20.png,5,tab20,2,baseline,discrimination,How many distinct classes do you see?,5,1
275,1789993925000,21/09/2026 12:32:05,1789993925000,1,21/09/2026 13:32:05,229051,38,synthetic-g1,,SYN-S1-S1_PRIV_012,S1PUB012,S1_PRIV_012,,complete,SYNTHETIC,,computer,Synthetic desktop,Synthetic OS,Synthetic Browser,1920 x 1080,1440 x 900,,,,Discrimination Task G1,SYNTHETIC,G1,G1,G1,11,Display 1,Screen 1,,,response,5,,,,1713.1,,,1713.1,1,1713.1,,,,Response,,,Display1,disc_5_3_tab20.png,5,tab20,3,baseline,discrimination,How many distinct classes do you see?,5,1
276,1789993932000,21/09/2026 12:32:12,1789993932000,1,21/09/2026 13:32:12,229051,38,synthetic-g1,,SYN-S1-S1_PRIV_012,S1PUB012,S1_PRIV_012,,complete,SYNTHETIC,,computer,Synthetic desktop,Synthetic OS,Synthetic Browser,1920 x 1080,1440 x 900,,,,Discrimination Task G1,SYNTHETIC,G1,G1,G1,12,Display 1,Screen 1,,,response,5,,,,1840.0,,,1840.0,1,1840.0,,,,Response,,,Display1,disc_5_2_tab20sa.png,5,tab20sa,2,sa,discrimination,How many distinct classes do you see?,5,1
277,1789993939000,21/09/2026 12:32:19,1789993939000,1,21/09/2026 13:32:19,229051,38,synthetic-g1,,SYN-S1-S1_PRIV_012,S1PUB012,S1_PRIV_012,,complete,SYNTHETIC,,computer,Synthetic desktop,Synthetic OS,Synthetic Browser,1920 x 1080,1440 x 900,,,,Discrimination Task G1,SYNTHETIC,G1,G1,G1,13,Display 1,Screen 1,,,response,5,,,,3804.4,,,3804.4,0,3804.4,,,,Response,,,Display1,disc_10_1_tab20sa.png,10,tab20sa,1,sa,discrimination,How many distinct classes do you see?,10,1
278,1789993946000,21/09/2026 12:32:26,1789993946000,1,21/09/2026 13:32:26,229051,38,synthetic-g1,,SYN-S1-S1_PRIV_012,S1PUB012,S1_PRIV_012,,complete,SYNTHETIC,,computer,Synthetic desktop,Synthetic OS,Synthetic Browser,1920 x 1080,1440 x 900,,,,Discrimination Task G1,SYNTHETIC,G1,G1,G1,14,Display 1,Screen 1,,,response,10,,,,6267.8,,,6267.8,1,6267.8,,,,Response,,,Display1,disc_10_2_tab20sa.png,10,tab20sa,2,sa,discrimination,How many distinct classes do you see?,10,1
279,1789993953000,21/09/2026 12:32:33,1789993953000,1,21/09/2026 13:32:33,229051,38,synthetic-g1,,SYN-S1-S1_PRIV_012,S1PUB012,S1_PRIV_012,,complete,SYNTHETIC,,computer,Synthetic desktop,Synthetic OS,Synthetic Browser,1920 x 1080,1440 x 900,,,,Discrimination Task G1,SYNTHETIC,G1,G1,G1,15,Display 1,Screen 1,,,response,20,,,,3934.1,,,3934.1,1,3934.1,,,,Response,,,Display1,disc_20_1_tab20sa.png,20,tab20sa,1,sa,discrimination,How many distinct classes do you see?,20,1
280,1789993960000,21/09/2026 12:32:40,1789993960000,1,21/09/2026 13:32:40,229051,38,synthetic-g1,,SYN-S1-S1_PRIV_012,S1PUB012,S1_PRIV_012,,complete,SYNTHETIC,,computer,Synthetic desktop,Synthetic OS,Synthetic Browser,1920 x 1080,1440 x 900,,,,Discrimination Task G1,SYNTHETIC,G1,G1,G1,16,Display 1,Screen 1,,,response,10,,,,5465.7,,,5465.7,1,5465.7,,,,Response,,,Display1,disc_10_3_tab20sa.png,10,tab20sa,3,sa,discrimination,How many distinct classes do you see?,10,1
281,1789993967000,21/09/2026 12:32:47,1789993967000,1,21/09/2026 13:32:47,229051,38,synthetic-g1,,SYN-S1-S1_PRIV_012,S1PUB012,S1_PRIV_012,,complete,SYNTHETIC,,computer,Synthetic desktop,Synthetic OS,Synthetic Browser,1920 x 1080,1440 x 900,,,,Discrimination Task G1,SYNTHETIC,G1,G1,G1,17,Display 1,Screen 1,,,response,30,,,,9781.5,,,9781.5,1,9781.5,,,,Response,,,Display1,disc_30_2_tab20sa.png,30,tab20sa,2,sa,discrimination,How many distinct classes do you see?,30,1
282,1789993974000,21/09/2026 12:32:54,1789993974000,1,21/09/2026 13:32:54,229051,38,synthetic-g1,,SYN-S1-S1_PRIV_012,S1PUB012,S1_PRIV_012,,complete,SYNTHETIC,,computer,Synthetic desktop,Synthetic OS,Synthetic Browser,1920 x 1080,1440 x 900,,,,Discrimination Task G1,SYNTHETIC,G1,G1,G1,18,Display 1,Screen 1,,,response,10,,,,3882.5,,,3882.5,1,3882.5,,,,Response,,,Display1,disc_10_1_tab20.png,10,tab20,1,baseline,discrimination,How many distinct classes do you see?,10,1
283,1789993981000,21/09/2026 12:33:01,1789993981000,1,21/09/2026 13:33:01,229051,38,synthetic-g1,,SYN-S1-S1_PRIV_012,S1PUB012,S1_PRIV_012,,complete,SYNTHETIC,,computer,Synthetic desktop,Synthetic OS,Synthetic Browser,1920 x 1080,1440 x 900,,,,Discrimination Task G1,SYNTHETIC,G1,G1,G1,19,Display 1,Screen 1,,,response,30,,,,5018.4,,,5018.4,1,5018.4,,,,Response,,,Display1,disc_30_3_tab20.png,30,tab20,3,baseline,discrimination,How many distinct classes do you see?,30,1
284,1789993988000,21/09/2026 12:33:08,1789993988000,1,21/09/2026 13:33:08,229051,38,synthetic-g1,,SYN-S1-S1_PRIV_012,S1PUB012,S1_PRIV_012,,complete,SYNTHETIC,,computer,Synthetic desktop,Synthetic OS,Synthetic Browser,1920 x 1080,1440 x 900,,,,Discrimination Task G1,SYNTHETIC,G1,G1,G1,20,Display 1,Screen 1,,,response,5,,,,2364.2,,,2364.2,1,2364.2,,,,Response,,,Display1,disc_5_1_tab20.png,5,tab20,1,baseline,discrimination,How many distinct classes do you see?,5,1
285,1789993995000,21/09/2026 12:33:15,1789993995000,1,21/09/2026 13:33:15,229051,38,synthetic-g1,,SYN-S1-S1_PRIV_012,S1PUB012,S1_PRIV_012,,complete,SYNTHETIC,,computer,Synthetic desktop,Synthetic OS,Synthetic Browser,1920 x 1080,1440 x 900,,,,Discrimination Task G1,SYNTHETIC,G1,G1,G1,21,Display 1,Screen 1,,,response,15,,,,5011.2,,,5011.2,0,5011.2,,,,Response,,,Display1,disc_20_2_tab20.png,20,tab20,2,baseline,discrimination,How many distinct classes do you see?,20,1
286,1789994002000,21/09/2026 12:33:22,1789994002000,1,21/09/2026 13:33:22,229051,38,synthetic-g1,,SYN-S1-S1_PRIV_012,S1PUB012,S1_PRIV_012,,complete,SYNTHETIC,,computer,Synthetic desktop,Synthetic OS,Synthetic Browser,1920 x 1080,1440 x 900,,,,Discrimination Task G1,SYNTHETIC,G1,G1,G1,22,Display 1,Screen 1,,,response,25,,,,17970.3,,,17970.3,0,17970.3,,,,Response,,,Display1,disc_30_3_tab20sa.png,30,tab20sa,3,sa,discrimination,How many distinct classes do you see?,30,1
287,1789994009000,21/09/2026 12:33:29,1789994009000,1,21/09/2026 13:33:29,229051,38,synthetic-g1,,SYN-S1-S1_PRIV_012,S1PUB012,S1_PRIV_012,,complete,SYNTHETIC,,computer,Synthetic desktop,Synthetic OS,Synthetic Browser,1920 x 1080,1440 x 900,,,,Discrimination Task G1,SYNTHETIC,G1,G1,G1,23,Display 1,Screen 1,,,response,5,,,,3462.3,,,3462.3,1,3462.3,,,,Response,,,Display1,disc_5_1_tab20sa.png,5,tab20sa,1,sa,discrimination,How many distinct classes do you see?,5,1
288,1789994016000,21/09/2026 12:33:36,1789994016000,1,21/09/2026 13:33:36,229051,38,synthetic-g1,,SYN-S1-S1_PRIV_012,S1PUB012,S1_PRIV_012,,complete,SYNTHETIC,,computer,Synthetic desktop,Synthetic OS,Synthetic Browser,1920 x 1080,1440 x 900,,,,Discrimination Task G1,SYNTHETIC,G1,G1,G1,24,Display 1,Screen 1,,,response,25,,,,2940.2,,,2940.2,0,2940.2,,,,Response,,,Display1,disc_20_1_tab20.png,20,tab20,1,baseline,discrimination,How many distinct classes do you see?,20,1
289,1789994023000,21/09/2026 12:33:43,1789994023000,1,21/09/2026 13:33:43,229051,38,synthetic-g1,,SYN-S1-S1_PRIV_013,S1PUB013,S1_PRIV_013,,complete,SYNTHETIC,,computer,Synthetic desktop,Synthetic OS,Synthetic Browser,1920 x 1080,1440 x 900,,,,Discrimination Task G1,SYNTHETIC,G1,G1,G1,1,Display 1,Screen 1,,,response,10,,,,4952.5,,,4952.5,1,4952.5,,,,Response,,,Display1,disc_10_2_tab20.png,10,tab20,2,baseline,discrimination,How many distinct classes do you see?,10,1
290,1789994030000,21/09/2026 12:33:50,1789994030000,1,21/09/2026 13:33:50,229051,38,synthetic-g1,,SYN-S1-S1_PRIV_013,S1PUB013,S1_PRIV_013,,complete,SYNTHETIC,,computer,Synthetic desktop,Synthetic OS,Synthetic Browser,1920 x 1080,1440 x 900,,,,Discrimination Task G1,SYNTHETIC,G1,G1,G1,2,Display 1,Screen 1,,,response,20,,,,5682.0,,,5682.0,1,5682.0,,,,Response,,,Display1,disc_20_1_tab20.png,20,tab20,1,baseline,discrimination,How many distinct classes do you see?,20,1
291,1789994037000,21/09/2026 12:33:57,1789994037000,1,21/09/2026 13:33:57,229051,38,synthetic-g1,,SYN-S1-S1_PRIV_013,S1PUB013,S1_PRIV_013,,complete,SYNTHETIC,,computer,Synthetic desktop,Synthetic OS,Synthetic Browser,1920 x 1080,1440 x 900,,,,Discrimination Task G1,SYNTHETIC,G1,G1,G1,3,Display 1,Screen 1,,,response,5,,,,2997.3,,,2997.3,1,2997.3,,,,Response,,,Display1,disc_5_1_tab20sa.png,5,tab20sa,1,sa,discrimination,How many distinct classes do you see?,5,1
292,1789994044000,21/09/2026 12:34:04,1789994044000,1,21/09/2026 13:34:04,229051,38,synthetic-g1,,SYN-S1-S1_PRIV_013,S1PUB013,S1_PRIV_013,,complete,SYNTHETIC,,computer,Synthetic desktop,Synthetic OS,Synthetic Browser,1920 x 1080,1440 x 900,,,,Discrimination Task G1,SYNTHETIC,G1,G1,G1,4,Display 1,Screen 1,,,response,30,,,,8041.2,,,8041.2,1,8041.2,,,,Response,,,Display1,disc_30_2_tab20sa.png,30,tab20sa,2,sa,discrimination,How many distinct classes do you see?,30,1
293,1789994051000,21/09/2026 12:34:11,1789994051000,1,21/09/2026 13:34:11,229051,38,synthetic-g1,,SYN-S1-S1_PRIV_013,S1PUB013,S1_PRIV_013,,complete,SYNTHETIC,,computer,Synthetic desktop,Synthetic OS,Synthetic Browser,1920 x 1080,1440 x 900,,,,Discrimination Task G1,SYNTHETIC,G1,G1,G1,5,Display 1,Screen 1,,,response,5,,,,3305.8,,,3305.8,1,3305.8,,,,Response,,,Display1,disc_5_3_tab20sa.png,5,tab20sa,3,sa,discrimination,How many distinct classes do you see?,5,1
294,1789994058000,21/09/2026 12:34:18,1789994058000,1,21/09/2026 13:34:18,229051,38,synthetic-g1,,SYN-S1-S1_PRIV_013,S1PUB013,S1_PRIV_013,,complete,SYNTHETIC,,computer,Synthetic desktop,Synthetic OS,Synthetic Browser,1920 x 1080,1440 x 900,,,,Discrimination Task G1,SYNTHETIC,G1,G1,G1,6,Display 1,Screen 1,,,response,30,,,,6844.3,,,6844.3,1,6844.3,,,,Response,,,Display1,disc_30_2_tab20.png,30,tab20,2,baseline,discrimination,How many distinct classes do you see?,30,1
295,1789994065000,21/09/2026 12:34:25,1789994065000,1,21/09/2026 13:34:25,229051,38,synthetic-g1,,SYN-S1-S1_PRIV_013,S1PUB013,S1_PRIV_013,,complete,SYNTHETIC,,computer,Synthetic desktop,Synthetic OS,Synthetic Browser,1920 x 1080,1440 x 900,,,,Discrimination Task G1,SYNTHETIC,G1,G1,G1,7,Display 1,Screen 1,,,response,10,,,,7008.5,,,7008.5,1,7008.5,,,,Response,,,Display1,disc_10_3_tab20sa.png,10,tab20sa,3,sa,discrimination,How many distinct classes do you see?,10,1
296,1789994072000,21/09/2026 12:34:32,1789994072000,1,21/09/2026 13:34:32,229051,38,synthetic-g1,,SYN-S1-S1_PRIV_013,S1PUB013,S1_PRIV_013,,complete,SYNTHETIC,,computer,Synthetic desktop,Synthetic OS,Synthetic Browser,1920 x 1080,1440 x 900,,,,Discrimination Task G1,SYNTHETIC,G1,G1,G1,8,Display 1,Screen 1,,,response,15,,,,4858.1,,,4858.1,0,4858.1,,,,Response,,,Display1,disc_20_3_tab20sa.png,20,tab20sa,3,sa,discrimination,How many distinct classes do you see?,20,1
297,1789994079000,21/09/2026 12:34:39,1789994079000,1,21/09/2026 13:34:39,229051,38,synthetic-g1,,SYN-S1-S1_PRIV_013,S1PUB013,S1_PRIV_013,,complete,SYNTHETIC,,computer,Synthetic desktop,Synthetic OS,Synthetic Browser,1920 x 1080,1440 x 900,,,,Discrimination Task G1,SYNTHETIC,G1,G1,G1,9,Display 1,Screen 1,,,response,30,,,,6401.0,,,6401.0,1,6401.0,,,,Response,,,Display1,disc_30_1_tab20sa.png,30,tab20sa,1,sa,discrimination,How many distinct classes do you see?,30,1
298,1789994086000,21/09/2026 12:34:46,1789994086000,1,21/09/2026 13:34:46,229051,38,synthetic-g1,,SYN-S1-S1_PRIV_013,S1PUB013,S1_PRIV_013,,complete,SYNTHETIC,,computer,Synthetic desktop,Synthetic OS,Synthetic Browser,1920 x 1080,1440 x 900,,,,Discrimination Task G1,SYNTHETIC,G1,G1,G1,10,Display 1,Screen 1,,,response,20,,,,5929.8,,,5929.8,1,5929.8,,,,Response,,,Display1,disc_20_2_tab20sa.png,20,tab20sa,2,sa,discrimination,How many distinct classes do you see?,20,1
299,1789994093000,21/09/2026 12:34:53,1789994093000,1,21/09/2026 13:34:53,229051,38,synthetic-g1,,SYN-S1-S1_PRIV_013,S1PUB013,S1_PRIV_013,,complete,SYNTHETIC,,computer,Synthetic desktop,Synthetic OS,Synthetic Browser,1920 x 1080,1440 x 900,,,,Discrimination Task G1,SYNTHETIC,G1,G1,G1,11,Display 1,Screen 1,,,response,10,,,,2700.0,,,2700.0,1,2700.0,,,,Response,,,Display1,disc_10_1_tab20sa.png,10,tab20sa,1,sa,discrimination,How many distinct classes do you see?,10,1
300,1789994100000,21/09/2026 12:35:00,1789994100000,1,21/09/2026 13:35:00,229051,38,synthetic-g1,,SYN-S1-S1_PRIV_013,S1PUB013,S1_PRIV_013,,complete,SYNTHETIC,,computer,Synthetic desktop,Synthetic OS,Synthetic Browser,1920 x 1080,1440 x 900,,,,Discrimination Task G1,SYNTHETIC,G1,G1,G1,12,Display 1,Screen 1,,,response,25,,,,6545.1,,,6545.1,0,6545.1,,,,Response,,,Display1,disc_30_3_tab20.png,30,tab20,3,baseline,discrimination,How many distinct classes do you see?,30,1
301,1789994107000,21/09/2026 12:35:07,1789994107000,1,21/09/2026 13:35:07,229051,38,synthetic-g1,,SYN-S1-S1_PRIV_013,S1PUB013,S1_PRIV_013,,complete,SYNTHETIC,,computer,Synthetic desktop,Synthetic OS,Synthetic Browser,1920 x 1080,1440 x 900,,,,Discrimination Task G1,SYNTHETIC,G1,G1,G1,13,Display 1,Screen 1,,,response,10,,,,4559.6,,,4559.6,1,4559.6,,,,Response,,,Display1,disc_10_3_tab20.png,10,tab20,3,baseline,discrimination,How many distinct classes do you see?,10,1
302,1789994114000,21/09/2026 12:35:14,1789994114000,1,21/09/2026 13:35:14,229051,38,synthetic-g1,,SYN-S1-S1_PRIV_013,S1PUB013,S1_PRIV_013,,complete,SYNTHETIC,,computer,Synthetic desktop,Synthetic OS,Synthetic Browser,1920 x 1080,1440 x 900,,,,Discrimination Task G1,SYNTHETIC,G1,G1,G1,14,Display 1,Screen 1,,,response,10,,,,4184.1,,,4184.1,1,4184.1,,,,Response,,,Display1,disc_10_1_tab20.png,10,tab20,1,baseline,discrimination,How many distinct classes do you see?,10,1
303,1789994121000,21/09/2026 12:35:21,1789994121000,1,21/09/2026 13:35:21,229051,38,synthetic-g1,,SYN-S1-S1_PRIV_013,S1PUB013,S1_PRIV_013,,complete,SYNTHETIC,,computer,Synthetic desktop,Synthetic OS,Synthetic Browser,1920 x 1080,1440 x 900,,,,Discrimination Task G1,SYNTHETIC,G1,G1,G1,15,Display 1,Screen 1,,,response,10,,,,3654.5,,,3654.5,1,3654.5,,,,Response,,,Display1,disc_10_2_tab20sa.png,10,tab20sa,2,sa,discrimination,How many distinct classes do you see?,10,1
304,1789994128000,21/09/2026 12:35:28,1789994128000,1,21/09/2026 13:35:28,229051,38,synthetic-g1,,SYN-S1-S1_PRIV_013,S1PUB013,S1_PRIV_013,,complete,SYNTHETIC,,computer,Synthetic desktop,Synthetic OS,Synthetic Browser,1920 x 1080,1440 x 900,,,,Discrimination Task G1,SYNTHETIC,G1,G1,G1,16,Display 1,Screen 1,,,response,5,,,,6577.9,,,6577.9,1,6577.9,,,,Response,,,Display1,disc_5_2_tab20sa.png,5,tab20sa,2,sa,discrimination,How many distinct classes do you see?,5,1
305,1789994135000,21/09/2026 12:35:35,1789994135000,1,21/09/2026 13:35:35,229051,38,synthetic-g1,,SYN-S1-S1_PRIV_013,S1PUB013,S1_PRIV_013,,complete,SYNTHETIC,,computer,Synthetic desktop,Synthetic OS,Synthetic Browser,1920 x 1080,1440 x 900,,,,Discrimination Task G1,SYNTHETIC,G1,G1,G1,17,Display 1,Screen 1,,,response,25,,,,4487.2,,,4487.2,0,4487.2,,,,Response,,,Display1,disc_30_3_tab20sa.png,30,tab20sa,3,sa,discrimination,How many distinct classes do you see?,30,1
306,1789994142000,21/09/2026 12:35:42,1789994142000,1,21/09/2026 13:35:42,229051,38,synthetic-g1,,SYN-S1-S1_PRIV_013,S1PUB013,S1_PRIV_013,,complete,SYNTHETIC,,computer,Synthetic desktop,Synthetic OS,Synthetic Browser,1920 x 1080,1440 x 900,,,,Discrimination Task G1,SYNTHETIC,G1,G1,G1,18,Display 1,Screen 1,,,response,20,,,,10279.4,,,10279.4,1,10279.4,,,,Response,,,Display1,disc_20_2_tab20.png,20,tab20,2,baseline,discrimination,How many distinct classes do you see?,20,1
307,1789994149000,21/09/2026 12:35:49,1789994149000,1,21/09/2026 13:35:49,229051,38,synthetic-g1,,SYN-S1-S1_PRIV_013,S1PUB013,S1_PRIV_013,,complete,SYNTHETIC,,computer,Synthetic desktop,Synthetic OS,Synthetic Browser,1920 x 1080,1440 x 900,,,,Discrimination Task G1,SYNTHETIC,G1,G1,G1,19,Display 1,Screen 1,,,response,10,,,,4212.7,,,4212.7,0,4212.7,,,,Response,,,Display1,disc_5_3_tab20.png,5,tab20,3,baseline,discrimination,How many distinct classes do you see?,5,1
308,1789994156000,21/09/2026 12:35:56,1789994156000,1,21/09/2026 13:35:56,229051,38,synthetic-g1,,SYN-S1-S1_PRIV_013,S1PUB013,S1_PRIV_013,,complete,SYNTHETIC,,computer,Synthetic desktop,Synthetic OS,Synthetic Browser,1920 x 1080,1440 x 900,,,,Discrimination Task G1,SYNTHETIC,G1,G1,G1,20,Display 1,Screen 1,,,response,30,,,,4448.8,,,4448.8,1,4448.8,,,,Response,,,Display1,disc_30_1_tab20.png,30,tab20,1,baseline,discrimination,How many distinct classes do you see?,30,1
309,1789994163000,21/09/2026 12:36:03,1789994163000,1,21/09/2026 13:36:03,229051,38,synthetic-g1,,SYN-S1-S1_PRIV_013,S1PUB013,S1_PRIV_013,,complete,SYNTHETIC,,computer,Synthetic desktop,Synthetic OS,Synthetic Browser,1920 x 1080,1440 x 900,,,,Discrimination Task G1,SYNTHETIC,G1,G1,G1,21,Display 1,Screen 1,,,response,5,,,,3069.4,,,3069.4,1,3069.4,,,,Response,,,Display1,disc_5_1_tab20.png,5,tab20,1,baseline,discrimination,How many distinct classes do you see?,5,1
310,1789994170000,21/09/2026 12:36:10,1789994170000,1,21/09/2026 13:36:10,229051,38,synthetic-g1,,SYN-S1-S1_PRIV_013,S1PUB013,S1_PRIV_013,,complete,SYNTHETIC,,computer,Synthetic desktop,Synthetic OS,Synthetic Browser,1920 x 1080,1440 x 900,,,,Discrimination Task G1,SYNTHETIC,G1,G1,G1,22,Display 1,Screen 1,,,response,5,,,,5091.9,,,5091.9,1,5091.9,,,,Response,,,Display1,disc_5_2_tab20.png,5,tab20,2,baseline,discrimination,How many distinct classes do you see?,5,1
311,1789994177000,21/09/2026 12:36:17,1789994177000,1,21/09/2026 13:36:17,229051,38,synthetic-g1,,SYN-S1-S1_PRIV_013,S1PUB013,S1_PRIV_013,,complete,SYNTHETIC,,computer,Synthetic desktop,Synthetic OS,Synthetic Browser,1920 x 1080,1440 x 900,,,,Discrimination Task G1,SYNTHETIC,G1,G1,G1,23,Display 1,Screen 1,,,response,20,,,,6776.8,,,6776.8,1,6776.8,,,,Response,,,Display1,disc_20_3_tab20.png,20,tab20,3,baseline,discrimination,How many distinct classes do you see?,20,1
312,1789994184000,21/09/2026 12:36:24,1789994184000,1,21/09/2026 13:36:24,229051,38,synthetic-g1,,SYN-S1-S1_PRIV_013,S1PUB013,S1_PRIV_013,,complete,SYNTHETIC,,computer,Synthetic desktop,Synthetic OS,Synthetic Browser,1920 x 1080,1440 x 900,,,,Discrimination Task G1,SYNTHETIC,G1,G1,G1,24,Display 1,Screen 1,,,response,20,,,,4385.7,,,4385.7,1,4385.7,,,,Response,,,Display1,disc_20_1_tab20sa.png,20,tab20sa,1,sa,discrimination,How many distinct classes do you see?,20,1
313,1789994191000,21/09/2026 12:36:31,1789994191000,1,21/09/2026 13:36:31,229051,38,synthetic-g1,,SYN-S1-S1_PRIV_014,S1PUB014,S1_PRIV_014,,complete,SYNTHETIC,,computer,Synthetic desktop,Synthetic OS,Synthetic Browser,1920 x 1080,1440 x 900,,,,Discrimination Task G1,SYNTHETIC,G1,G1,G1,1,Display 1,Screen 1,,,response,10,,,,8396.9,,,8396.9,1,8396.9,,,,Response,,,Display1,disc_10_1_tab20sa.png,10,tab20sa,1,sa,discrimination,How many distinct classes do you see?,10,1
314,1789994198000,21/09/2026 12:36:38,1789994198000,1,21/09/2026 13:36:38,229051,38,synthetic-g1,,SYN-S1-S1_PRIV_014,S1PUB014,S1_PRIV_014,,complete,SYNTHETIC,,computer,Synthetic desktop,Synthetic OS,Synthetic Browser,1920 x 1080,1440 x 900,,,,Discrimination Task G1,SYNTHETIC,G1,G1,G1,2,Display 1,Screen 1,,,response,10,,,,3683.9,,,3683.9,0,3683.9,,,,Response,,,Display1,disc_5_2_tab20sa.png,5,tab20sa,2,sa,discrimination,How many distinct classes do you see?,5,1
315,1789994205000,21/09/2026 12:36:45,1789994205000,1,21/09/2026 13:36:45,229051,38,synthetic-g1,,SYN-S1-S1_PRIV_014,S1PUB014,S1_PRIV_014,,complete,SYNTHETIC,,computer,Synthetic desktop,Synthetic OS,Synthetic Browser,1920 x 1080,1440 x 900,,,,Discrimination Task G1,SYNTHETIC,G1,G1,G1,3,Display 1,Screen 1,,,response,20,,,,5308.5,,,5308.5,1,5308.5,,,,Response,,,Display1,disc_20_1_tab20.png,20,tab20,1,baseline,discrimination,How many distinct classes do you see?,20,1
316,1789994212000,21/09/2026 12:36:52,1789994212000,1,21/09/2026 13:36:52,229051,38,synthetic-g1,,SYN-S1-S1_PRIV_014,S1PUB014,S1_PRIV_014,,complete,SYNTHETIC,,computer,Synthetic desktop,Synthetic OS,Synthetic Browser,1920 x 1080,1440 x 900,,,,Discrimination Task G1,SYNTHETIC,G1,G1,G1,4,Display 1,Screen 1,,,response,25,,,,8313.1,,,8313.1,0,8313.1,,,,Response,,,Display1,disc_30_2_tab20sa.png,30,tab20sa,2,sa,discrimination,How many distinct classes do you see?,30,1
317,1789994219000,21/09/2026 12:36:59,1789994219000,1,21/09/2026 13:36:59,229051,38,synthetic-g1,,SYN-S1-S1_PRIV_014,S1PUB014,S1_PRIV_014,,complete,SYNTHETIC,,computer,Synthetic desktop,Synthetic OS,Synthetic Browser,1920 x 1080,1440 x 900,,,,Discrimination Task G1,SYNTHETIC,G1,G1,G1,5,Display 1,Screen 1,,,response,10,,,,3585.9,,,3585.9,1,3585.9,,,,Response,,,Display1,disc_10_2_tab20.png,10,tab20,2,baseline,discrimination,How many distinct classes do you see?,10,1
318,1789994226000,21/09/2026 12:37:06,1789994226000,1,21/09/2026 13:37:06,229051,38,synthetic-g1,,SYN-S1-S1_PRIV_014,S1PUB014,S1_PRIV_014,,complete,SYNTHETIC,,computer,Synthetic desktop,Synthetic OS,Synthetic Browser,1920 x 1080,1440 x 900,,,,Discrimination Task G1,SYNTHETIC,G1,G1,G1,6,Display 1,Screen 1,,,response,20,,,,13805.6,,,13805.6,1,13805.6,,,,Response,,,Display1,disc_20_3_tab20.png,20,tab20,3,baseline,discrimination,How many distinct classes do you see?,20,1
319,1789994233000,21/09/2026 12:37:13,1789994233000,1,21/09/2026 13:37:13,229051,38,synthetic-g1,,SYN-S1-S1_PRIV_014,S1PUB014,S1_PRIV_014,,complete,SYNTHETIC,,computer,Synthetic desktop,Synthetic OS,Synthetic Browser,1920 x 1080,1440 x 900,,,,Discrimination Task G1,SYNTHETIC,G1,G1,G1,7,Display 1,Screen 1,,,response,30,,,,9410.6,,,9410.6,1,9410.6,,,,Response,,,Display1,disc_30_1_tab20sa.png,30,tab20sa,1,sa,discrimination,How many distinct classes do you see?,30,1
320,1789994240000,21/09/2026 12:37:20,1789994240000,1,21/09/2026 13:37:20,229051,38,synthetic-g1,,SYN-S1-S1_PRIV_014,S1PUB014,S1_PRIV_014,,complete,SYNTHETIC,,computer,Synthetic desktop,Synthetic OS,Synthetic Browser,1920 x 1080,1440 x 900,,,,Discrimination Task G1,SYNTHETIC,G1,G1,G1,8,Display 1,Screen 1,,,response,20,,,,4954.0,,,4954.0,1,4954.0,,,,Response,,,Display1,disc_20_2_tab20sa.png,20,tab20sa,2,sa,discrimination,How many distinct classes do you see?,20,1
321,1789994247000,21/09/2026 12:37:27,1789994247000,1,21/09/2026 13:37:27,229051,38,synthetic-g1,,SYN-S1-S1_PRIV_014,S1PUB014,S1_PRIV_014,,complete,SYNTHETIC,,computer,Synthetic desktop,Synthetic OS,Synthetic Browser,1920 x 1080,1440 x 900,,,,Discrimination Task G1,SYNTHETIC,G1,G1,G1,9,Display 1,Screen 1,,,response,5,,,,3140.5,,,3140.5,1,3140.5,,,,Response,,,Display1,disc_5_3_tab20sa.png,5,tab20sa,3,sa,discrimination,How many distinct classes do you see?,5,1
322,1789994254000,21/09/2026 12:37:34,1789994254000,1,21/09/2026 13:37:34,229051,38,synthetic-g1,,SYN-S1-S1_PRIV_014,S1PUB014,S1_PRIV_014,,complete,SYNTHETIC,,computer,Synthetic desktop,Synthetic OS,Synthetic Browser,1920 x 1080,1440 x 900,,,,Discrimination Task G1,SYNTHETIC,G1,G1,G1,10,Display 1,Screen 1,,,response,20,,,,3548.1,,,3548.1,1,3548.1,,,,Response,,,Display1,disc_20_1_tab20sa.png,20,tab20sa,1,sa,discrimination,How many distinct classes do you see?,20,1
323,1789994261000,21/09/2026 12:37:41,1789994261000,1,21/09/2026 13:37:41,229051,38,synthetic-g1,,SYN-S1-S1_PRIV_014,S1PUB014,S1_PRIV_014,,complete,SYNTHETIC,,computer,Synthetic desktop,Synthetic OS,Synthetic Browser,1920 x 1080,1440 x 900,,,,Discrimination Task G1,SYNTHETIC,G1,G1,G1,11,Display 1,Screen 1,,,response,5,,,,4644.1,,,4644.1,1,4644.1,,,,Response,,,Display1,disc_5_1_tab20.png,5,tab20,1,baseline,discrimination,How many distinct classes do you see?,5,1
324,1789994268000,21/09/2026 12:37:48,1789994268000,1,21/09/2026 13:37:48,229051,38,synthetic-g1,,SYN-S1-S1_PRIV_014,S1PUB014,S1_PRIV_014,,complete,SYNTHETIC,,computer,Synthetic desktop,Synthetic OS,Synthetic Browser,1920 x 1080,1440 x 900,,,,Discrimination Task G1,SYNTHETIC,G1,G1,G1,12,Display 1,Screen 1,,,response,5,,,,6815.0,,,6815.0,1,6815.0,,,,Response,,,Display1,disc_5_3_tab20.png,5,tab20,3,baseline,discrimination,How many distinct classes do you see?,5,1
325,1789994275000,21/09/2026 12:37:55,1789994275000,1,21/09/2026 13:37:55,229051,38,synthetic-g1,,SYN-S1-S1_PRIV_014,S1PUB014,S1_PRIV_014,,complete,SYNTHETIC,,computer,Synthetic desktop,Synthetic OS,Synthetic Browser,1920 x 1080,1440 x 900,,,,Discrimination Task G1,SYNTHETIC,G1,G1,G1,13,Display 1,Screen 1,,,response,30,,,,11680.8,,,11680.8,1,11680.8,,,,Response,,,Display1,disc_30_2_tab20.png,30,tab20,2,baseline,discrimination,How many distinct classes do you see?,30,1
326,1789994282000,21/09/2026 12:38:02,1789994282000,1,21/09/2026 13:38:02,229051,38,synthetic-g1,,SYN-S1-S1_PRIV_014,S1PUB014,S1_PRIV_014,,complete,SYNTHETIC,,computer,Synthetic desktop,Synthetic OS,Synthetic Browser,1920 x 1080,1440 x 900,,,,Discrimination Task G1,SYNTHETIC,G1,G1,G1,14,Display 1,Screen 1,,,response,30,,,,8044.4,,,8044.4,1,8044.4,,,,Response,,,Display1,disc_30_3_tab20.png,30,tab20,3,baseline,discrimination,How many distinct classes do you see?,30,1
327,1789994289000,21/09/2026 12:38:09,1789994289000,1,21/09/2026 13:38:09,229051,38,synthetic-g1,,SYN-S1-S1_PRIV_014,S1PUB014,S1_PRIV_014,,complete,SYNTHETIC,,computer,Synthetic desktop,Synthetic OS,Synthetic Browser,1920 x 1080,1440 x 900,,,,Discrimination Task G1,SYNTHETIC,G1,G1,G1,15,Display 1,Screen 1,,,response,20,,,,12015.8,,,12015.8,1,12015.8,,,,Response,,,Display1,disc_20_2_tab20.png,20,tab20,2,baseline,discrimination,How many distinct classes do you see?,20,1
328,1789994296000,21/09/2026 12:38:16,1789994296000,1,21/09/2026 13:38:16,229051,38,synthetic-g1,,SYN-S1-S1_PRIV_014,S1PUB014,S1_PRIV_014,,complete,SYNTHETIC,,computer,Synthetic desktop,Synthetic OS,Synthetic Browser,1920 x 1080,1440 x 900,,,,Discrimination Task G1,SYNTHETIC,G1,G1,G1,16,Display 1,Screen 1,,,response,20,,,,4789.3,,,4789.3,1,4789.3,,,,Response,,,Display1,disc_20_3_tab20sa.png,20,tab20sa,3,sa,discrimination,How many distinct classes do you see?,20,1
329,1789994303000,21/09/2026 12:38:23,1789994303000,1,21/09/2026 13:38:23,229051,38,synthetic-g1,,SYN-S1-S1_PRIV_014,S1PUB014,S1_PRIV_014,,complete,SYNTHETIC,,computer,Synthetic desktop,Synthetic OS,Synthetic Browser,1920 x 1080,1440 x 900,,,,Discrimination Task G1,SYNTHETIC,G1,G1,G1,17,Display 1,Screen 1,,,response,10,,,,6455.7,,,6455.7,1,6455.7,,,,Response,,,Display1,disc_10_3_tab20.png,10,tab20,3,baseline,discrimination,How many distinct classes do you see?,10,1
330,1789994310000,21/09/2026 12:38:30,1789994310000,1,21/09/2026 13:38:30,229051,38,synthetic-g1,,SYN-S1-S1_PRIV_014,S1PUB014,S1_PRIV_014,,complete,SYNTHETIC,,computer,Synthetic desktop,Synthetic OS,Synthetic Browser,1920 x 1080,1440 x 900,,,,Discrimination Task G1,SYNTHETIC,G1,G1,G1,18,Display 1,Screen 1,,,response,25,,,,9976.8,,,9976.8,0,9976.8,,,,Response,,,Display1,disc_30_3_tab20sa.png,30,tab20sa,3,sa,discrimination,How many distinct classes do you see?,30,1
331,1789994317000,21/09/2026 12:38:37,1789994317000,1,21/09/2026 13:38:37,229051,38,synthetic-g1,,SYN-S1-S1_PRIV_014,S1PUB014,S1_PRIV_014,,complete,SYNTHETIC,,computer,Synthetic desktop,Synthetic OS,Synthetic Browser,1920 x 1080,1440 x 900,,,,Discrimination Task G1,SYNTHETIC,G1,G1,G1,19,Display 1,Screen 1,,,response,10,,,,4746.3,,,4746.3,1,4746.3,,,,Response,,,Display1,disc_10_2_tab20sa.png,10,tab20sa,2,sa,discrimination,How many distinct classes do you see?,10,1
332,1789994324000,21/09/2026 12:38:44,1789994324000,1,21/09/2026 13:38:44,229051,38,synthetic-g1,,SYN-S1-S1_PRIV_014,S1PUB014,S1_PRIV_014,,complete,SYNTHETIC,,computer,Synthetic desktop,Synthetic OS,Synthetic Browser,1920 x 1080,1440 x 900,,,,Discrimination Task G1,SYNTHETIC,G1,G1,G1,20,Display 1,Screen 1,,,response,5,,,,2835.5,,,2835.5,1,2835.5,,,,Response,,,Display1,disc_5_2_tab20.png,5,tab20,2,baseline,discrimination,How many distinct classes do you see?,5,1
333,1789994331000,21/09/2026 12:38:51,1789994331000,1,21/09/2026 13:38:51,229051,38,synthetic-g1,,SYN-S1-S1_PRIV_014,S1PUB014,S1_PRIV_014,,complete,SYNTHETIC,,computer,Synthetic desktop,Synthetic OS,Synthetic Browser,1920 x 1080,1440 x 900,,,,Discrimination Task G1,SYNTHETIC,G1,G1,G1,21,Display 1,Screen 1,,,response,5,,,,4410.8,,,4410.8,1,4410.8,,,,Response,,,Display1,disc_5_1_tab20sa.png,5,tab20sa,1,sa,discrimination,How many distinct classes do you see?,5,1
334,1789994338000,21/09/2026 12:38:58,1789994338000,1,21/09/2026 13:38:58,229051,38,synthetic-g1,,SYN-S1-S1_PRIV_014,S1PUB014,S1_PRIV_014,,complete,SYNTHETIC,,computer,Synthetic desktop,Synthetic OS,Synthetic Browser,1920 x 1080,1440 x 900,,,,Discrimination Task G1,SYNTHETIC,G1,G1,G1,22,Display 1,Screen 1,,,response,10,,,,3915.6,,,3915.6,1,3915.6,,,,Response,,,Display1,disc_10_1_tab20.png,10,tab20,1,baseline,discrimination,How many distinct classes do you see?,10,1
335,1789994345000,21/09/2026 12:39:05,1789994345000,1,21/09/2026 13:39:05,229051,38,synthetic-g1,,SYN-S1-S1_PRIV_014,S1PUB014,S1_PRIV_014,,complete,SYNTHETIC,,computer,Synthetic desktop,Synthetic OS,Synthetic Browser,1920 x 1080,1440 x 900,,,,Discrimination Task G1,SYNTHETIC,G1,G1,G1,23,Display 1,Screen 1,,,response,30,,,,7038.0,,,7038.0,1,7038.0,,,,Response,,,Display1,disc_30_1_tab20.png,30,tab20,1,baseline,discrimination,How many distinct classes do you see?,30,1
336,1789994352000,21/09/2026 12:39:12,1789994352000,1,21/09/2026 13:39:12,229051,38,synthetic-g1,,SYN-S1-S1_PRIV_014,S1PUB014,S1_PRIV_014,,complete,SYNTHETIC,,computer,Synthetic desktop,Synthetic OS,Synthetic Browser,1920 x 1080,1440 x 900,,,,Discrimination Task G1,SYNTHETIC,G1,G1,G1,24,Display 1,Screen 1,,,response,10,,,,5756.6,,,5756.6,1,5756.6,,,,Response,,,Display1,disc_10_3_tab20sa.png,10,tab20sa,3,sa,discrimination,How many distinct classes do you see?,10,1
337,1789994359000,21/09/2026 12:39:19,1789994359000,1,21/09/2026 13:39:19,229051,38,synthetic-g1,,SYN-S1-S1_PRIV_015,S1PUB015,S1_PRIV_015,,complete,SYNTHETIC,,computer,Synthetic desktop,Synthetic OS,Synthetic Browser,1920 x 1080,1440 x 900,,,,Discrimination Task G1,SYNTHETIC,G1,G1,G1,1,Display 1,Screen 1,,,response,10,,,,3882.2,,,3882.2,1,3882.2,,,,Response,,,Display1,disc_10_1_tab20.png,10,tab20,1,baseline,discrimination,How many distinct classes do you see?,10,1
338,1789994366000,21/09/2026 12:39:26,1789994366000,1,21/09/2026 13:39:26,229051,38,synthetic-g1,,SYN-S1-S1_PRIV_015,S1PUB015,S1_PRIV_015,,complete,SYNTHETIC,,computer,Synthetic desktop,Synthetic OS,Synthetic Browser,1920 x 1080,1440 x 900,,,,Discrimination Task G1,SYNTHETIC,G1,G1,G1,2,Display 1,Screen 1,,,response,10,,,,8276.6,,,8276.6,1,8276.6,,,,Response,,,Display1,disc_10_3_tab20sa.png,10,tab20sa,3,sa,discrimination,How many distinct classes do you see?,10,1
339,1789994373000,21/09/2026 12:39:33,1789994373000,1,21/09/2026 13:39:33,229051,38,synthetic-g1,,SYN-S1-S1_PRIV_015,S1PUB015,S1_PRIV_015,,complete,SYNTHETIC,,computer,Synthetic desktop,Synthetic OS,Synthetic Browser,1920 x 1080,1440 x 900,,,,Discrimination Task G1,SYNTHETIC,G1,G1,G1,3,Display 1,Screen 1,,,response,20,,,,4280.8,,,4280.8,1,4280.8,,,,Response,,,Display1,disc_20_3_tab20sa.png,20,tab20sa,3,sa,discrimination,How many distinct classes do you see?,20,1
340,1789994380000,21/09/2026 12:39:40,1789994380000,1,21/09/2026 13:39:40,229051,38,synthetic-g1,,SYN-S1-S1_PRIV_015,S1PUB015,S1_PRIV_015,,complete,SYNTHETIC,,computer,Synthetic desktop,Synthetic OS,Synthetic Browser,1920 x 1080,1440 x 900,,,,Discrimination Task G1,SYNTHETIC,G1,G1,G1,4,Display 1,Screen 1,,,response,10,,,,3050.3,,,3050.3,0,3050.3,,,,Response,,,Display1,disc_5_1_tab20.png,5,tab20,1,baseline,discrimination,How many distinct classes do you see?,5,1
341,1789994387000,21/09/2026 12:39:47,1789994387000,1,21/09/2026 13:39:47,229051,38,synthetic-g1,,SYN-S1-S1_PRIV_015,S1PUB015,S1_PRIV_015,,complete,SYNTHETIC,,computer,Synthetic desktop,Synthetic OS,Synthetic Browser,1920 x 1080,1440 x 900,,,,Discrimination Task G1,SYNTHETIC,G1,G1,G1,5,Display 1,Screen 1,,,response,25,,,,6751.7,,,6751.7,0,6751.7,,,,Response,,,Display1,disc_30_2_tab20sa.png,30,tab20sa,2,sa,discrimination,How many distinct classes do you see?,30,1
342,1789994394000,21/09/2026 12:39:54,1789994394000,1,21/09/2026 13:39:54,229051,38,synthetic-g1,,SYN-S1-S1_PRIV_015,S1PUB015,S1_PRIV_015,,complete,SYNTHETIC,,computer,Synthetic desktop,Synthetic OS,Synthetic Browser,1920 x 1080,1440 x 900,,,,Discrimination Task G1,SYNTHETIC,G1,G1,G1,6,Display 1,Screen 1,,,response,5,,,,2426.6,,,2426.6,1,2426.6,,,,Response,,,Display1,disc_5_1_tab20sa.png,5,tab20sa,1,sa,discrimination,How many distinct classes do you see?,5,1
343,1789994401000,21/09/2026 12:40:01,1789994401000,1,21/09/2026 13:40:01,229051,38,synthetic-g1,,SYN-S1-S1_PRIV_015,S1PUB015,S1_PRIV_015,,complete,SYNTHETIC,,computer,Synthetic desktop,Synthetic OS,Synthetic Browser,1920 x 1080,1440 x 900,,,,Discrimination Task G1,SYNTHETIC,G1,G1,G1,7,Display 1,Screen 1,,,response,10,,,,2795.4,,,2795.4,0,2795.4,,,,Response,,,Display1,disc_5_2_tab20sa.png,5,tab20sa,2,sa,discrimination,How many distinct classes do you see?,5,1
344,1789994408000,21/09/2026 12:40:08,1789994408000,1,21/09/2026 13:40:08,229051,38,synthetic-g1,,SYN-S1-S1_PRIV_015,S1PUB015,S1_PRIV_015,,complete,SYNTHETIC,,computer,Synthetic desktop,Synthetic OS,Synthetic Browser,1920 x 1080,1440 x 900,,,,Discrimination Task G1,SYNTHETIC,G1,G1,G1,8,Display 1,Screen 1,,,response,10,,,,3717.5,,,3717.5,1,3717.5,,,,Response,,,Display1,disc_10_3_tab20.png,10,tab20,3,baseline,discrimination,How many distinct classes do you see?,10,1
345,1789994415000,21/09/2026 12:40:15,1789994415000,1,21/09/2026 13:40:15,229051,38,synthetic-g1,,SYN-S1-S1_PRIV_015,S1PUB015,S1_PRIV_015,,complete,SYNTHETIC,,computer,Synthetic desktop,Synthetic OS,Synthetic Browser,1920 x 1080,1440 x 900,,,,Discrimination Task G1,SYNTHETIC,G1,G1,G1,9,Display 1,Screen 1,,,response,20,,,,6738.5,,,6738.5,1,6738.5,,,,Response,,,Display1,disc_20_1_tab20sa.png,20,tab20sa,1,sa,discrimination,How many distinct classes do you see?,20,1
346,1789994422000,21/09/2026 12:40:22,1789994422000,1,21/09/2026 13:40:22,229051,38,synthetic-g1,,SYN-S1-S1_PRIV_015,S1PUB015,S1_PRIV_015,,complete,SYNTHETIC,,computer,Synthetic desktop,Synthetic OS,Synthetic Browser,1920 x 1080,1440 x 900,,,,Discrimination Task G1,SYNTHETIC,G1,G1,G1,10,Display 1,Screen 1,,,response,30,,,,7782.5,,,7782.5,1,7782.5,,,,Response,,,Display1,disc_30_2_tab20.png,30,tab20,2,baseline,discrimination,How many distinct classes do you see?,30,1
347,1789994429000,21/09/2026 12:40:29,1789994429000,1,21/09/2026 13:40:29,229051,38,synthetic-g1,,SYN-S1-S1_PRIV_015,S1PUB015,S1_PRIV_015,,complete,SYNTHETIC,,computer,Synthetic desktop,Synthetic OS,Synthetic Browser,1920 x 1080,1440 x 900,,,,Discrimination Task G1,SYNTHETIC,G1,G1,G1,11,Display 1,Screen 1,,,response,5,,,,8678.0,,,8678.0,1,8678.0,,,,Response,,,Display1,disc_5_3_tab20sa.png,5,tab20sa,3,sa,discrimination,How many distinct classes do you see?,5,1
348,1789994436000,21/09/2026 12:40:36,1789994436000,1,21/09/2026 13:40:36,229051,38,synthetic-g1,,SYN-S1-S1_PRIV_015,S1PUB015,S1_PRIV_015,,complete,SYNTHETIC,,computer,Synthetic desktop,Synthetic OS,Synthetic Browser,1920 x 1080,1440 x 900,,,,Discrimination Task G1,SYNTHETIC,G1,G1,G1,12,Display 1,Screen 1,,,response,30,,,,5909.3,,,5909.3,1,5909.3,,,,Response,,,Display1,disc_30_1_tab20sa.png,30,tab20sa,1,sa,discrimination,How many distinct classes do you see?,30,1
349,1789994443000,21/09/2026 12:40:43,1789994443000,1,21/09/2026 13:40:43,229051,38,synthetic-g1,,SYN-S1-S1_PRIV_015,S1PUB015,S1_PRIV_015,,complete,SYNTHETIC,,computer,Synthetic desktop,Synthetic OS,Synthetic Browser,1920 x 1080,1440 x 900,,,,Discrimination Task G1,SYNTHETIC,G1,G1,G1,13,Display 1,Screen 1,,,response,5,,,,3461.0,,,3461.0,1,3461.0,,,,Response,,,Display1,disc_5_3_tab20.png,5,tab20,3,baseline,discrimination,How many distinct classes do you see?,5,1
350,1789994450000,21/09/2026 12:40:50,1789994450000,1,21/09/2026 13:40:50,229051,38,synthetic-g1,,SYN-S1-S1_PRIV_015,S1PUB015,S1_PRIV_015,,complete,SYNTHETIC,,computer,Synthetic desktop,Synthetic OS,Synthetic Browser,1920 x 1080,1440 x 900,,,,Discrimination Task G1,SYNTHETIC,G1,G1,G1,14,Display 1,Screen 1,,,response,25,,,,8367.1,,,8367.1,0,8367.1,,,,Response,,,Display1,disc_30_3_tab20sa.png,30,tab20sa,3,sa,discrimination,How many distinct classes do you see?,30,1
351,1789994457000,21/09/2026 12:40:57,1789994457000,1,21/09/2026 13:40:57,229051,38,synthetic-g1,,SYN-S1-S1_PRIV_015,S1PUB015,S1_PRIV_015,,complete,SYNTHETIC,,computer,Synthetic desktop,Synthetic OS,Synthetic Browser,1920 x 1080,1440 x 900,,,,Discrimination Task G1,SYNTHETIC,G1,G1,G1,15,Display 1,Screen 1,,,response,30,,,,4280.6,,,4280.6,1,4280.6,,,,Response,,,Display1,disc_30_1_tab20.png,30,tab20,1,baseline,discrimination,How many distinct classes do you see?,30,1
352,1789994464000,21/09/2026 12:41:04,1789994464000,1,21/09/2026 13:41:04,229051,38,synthetic-g1,,SYN-S1-S1_PRIV_015,S1PUB015,S1_PRIV_015,,complete,SYNTHETIC,,computer,Synthetic desktop,Synthetic OS,Synthetic Browser,1920 x 1080,1440 x 900,,,,Discrimination Task G1,SYNTHETIC,G1,G1,G1,16,Display 1,Screen 1,,,response,30,,,,10938.4,,,10938.4,1,10938.4,,,,Response,,,Display1,disc_30_3_tab20.png,30,tab20,3,baseline,discrimination,How many distinct classes do you see?,30,1
353,1789994471000,21/09/2026 12:41:11,1789994471000,1,21/09/2026 13:41:11,229051,38,synthetic-g1,,SYN-S1-S1_PRIV_015,S1PUB015,S1_PRIV_015,,complete,SYNTHETIC,,computer,Synthetic desktop,Synthetic OS,Synthetic Browser,1920 x 1080,1440 x 900,,,,Discrimination Task G1,SYNTHETIC,G1,G1,G1,17,Display 1,Screen 1,,,response,10,,,,4442.7,,,4442.7,1,4442.7,,,,Response,,,Display1,disc_10_1_tab20sa.png,10,tab20sa,1,sa,discrimination,How many distinct classes do you see?,10,1
354,1789994478000,21/09/2026 12:41:18,1789994478000,1,21/09/2026 13:41:18,229051,38,synthetic-g1,,SYN-S1-S1_PRIV_015,S1PUB015,S1_PRIV_015,,complete,SYNTHETIC,,computer,Synthetic desktop,Synthetic OS,Synthetic Browser,1920 x 1080,1440 x 900,,,,Discrimination Task G1,SYNTHETIC,G1,G1,G1,18,Display 1,Screen 1,,,response,25,,,,4994.1,,,4994.1,0,4994.1,,,,Response,,,Display1,disc_20_1_tab20.png,20,tab20,1,baseline,discrimination,How many distinct classes do you see?,20,1
355,1789994485000,21/09/2026 12:41:25,1789994485000,1,21/09/2026 13:41:25,229051,38,synthetic-g1,,SYN-S1-S1_PRIV_015,S1PUB015,S1_PRIV_015,,complete,SYNTHETIC,,computer,Synthetic desktop,Synthetic OS,Synthetic Browser,1920 x 1080,1440 x 900,,,,Discrimination Task G1,SYNTHETIC,G1,G1,G1,19,Display 1,Screen 1,,,response,20,,,,8870.9,,,8870.9,1,8870.9,,,,Response,,,Display1,disc_20_3_tab20.png,20,tab20,3,baseline,discrimination,How many distinct classes do you see?,20,1
356,1789994492000,21/09/2026 12:41:32,1789994492000,1,21/09/2026 13:41:32,229051,38,synthetic-g1,,SYN-S1-S1_PRIV_015,S1PUB015,S1_PRIV_015,,complete,SYNTHETIC,,computer,Synthetic desktop,Synthetic OS,Synthetic Browser,1920 x 1080,1440 x 900,,,,Discrimination Task G1,SYNTHETIC,G1,G1,G1,20,Display 1,Screen 1,,,response,15,,,,6231.6,,,6231.6,0,6231.6,,,,Response,,,Display1,disc_20_2_tab20.png,20,tab20,2,baseline,discrimination,How many distinct classes do you see?,20,1
357,1789994499000,21/09/2026 12:41:39,1789994499000,1,21/09/2026 13:41:39,229051,38,synthetic-g1,,SYN-S1-S1_PRIV_015,S1PUB015,S1_PRIV_015,,complete,SYNTHETIC,,computer,Synthetic desktop,Synthetic OS,Synthetic Browser,1920 x 1080,1440 x 900,,,,Discrimination Task G1,SYNTHETIC,G1,G1,G1,21,Display 1,Screen 1,,,response,20,,,,4430.7,,,4430.7,1,4430.7,,,,Response,,,Display1,disc_20_2_tab20sa.png,20,tab20sa,2,sa,discrimination,How many distinct classes do you see?,20,1
358,1789994506000,21/09/2026 12:41:46,1789994506000,1,21/09/2026 13:41:46,229051,38,synthetic-g1,,SYN-S1-S1_PRIV_015,S1PUB015,S1_PRIV_015,,complete,SYNTHETIC,,computer,Synthetic desktop,Synthetic OS,Synthetic Browser,1920 x 1080,1440 x 900,,,,Discrimination Task G1,SYNTHETIC,G1,G1,G1,22,Display 1,Screen 1,,,response,5,,,,2680.0,,,2680.0,1,2680.0,,,,Response,,,Display1,disc_5_2_tab20.png,5,tab20,2,baseline,discrimination,How many distinct classes do you see?,5,1
359,1789994513000,21/09/2026 12:41:53,1789994513000,1,21/09/2026 13:41:53,229051,38,synthetic-g1,,SYN-S1-S1_PRIV_015,S1PUB015,S1_PRIV_015,,complete,SYNTHETIC,,computer,Synthetic desktop,Synthetic OS,Synthetic Browser,1920 x 1080,1440 x 900,,,,Discrimination Task G1,SYNTHETIC,G1,G1,G1,23,Display 1,Screen 1,,,response,10,,,,8890.6,,,8890.6,1,8890.6,,,,Response,,,Display1,disc_10_2_tab20.png,10,tab20,2,baseline,discrimination,How many distinct classes do you see?,10,1
360,1789994520000,21/09/2026 12:42:00,1789994520000,1,21/09/2026 13:42:00,229051,38,synthetic-g1,,SYN-S1-S1_PRIV_015,S1PUB015,S1_PRIV_015,,complete,SYNTHETIC,,computer,Synthetic desktop,Synthetic OS,Synthetic Browser,1920 x 1080,1440 x 900,,,,Discrimination Task G1,SYNTHETIC,G1,G1,G1,24,Display 1,Screen 1,,,response,10,,,,2599.0,,,2599.0,1,2599.0,,,,Response,,,Display1,disc_10_2_tab20sa.png,10,tab20sa,2,sa,discrimination,How many distinct classes do you see?,10,1
361,1789994527000,21/09/2026 12:42:07,1789994527000,1,21/09/2026 13:42:07,229051,38,synthetic-g1,,SYN-S1-S1_PRIV_016,S1PUB016,S1_PRIV_016,,complete,SYNTHETIC,,computer,Synthetic desktop,Synthetic OS,Synthetic Browser,1920 x 1080,1440 x 900,,,,Discrimination Task G1,SYNTHETIC,G1,G1,G1,1,Display 1,Screen 1,,,response,20,,,,8216.0,,,8216.0,1,8216.0,,,,Response,,,Display1,disc_20_1_tab20sa.png,20,tab20sa,1,sa,discrimination,How many distinct classes do you see?,20,1
362,1789994534000,21/09/2026 12:42:14,1789994534000,1,21/09/2026 13:42:14,229051,38,synthetic-g1,,SYN-S1-S1_PRIV_016,S1PUB016,S1_PRIV_016,,complete,SYNTHETIC,,computer,Synthetic desktop,Synthetic OS,Synthetic Browser,1920 x 1080,1440 x 900,,,,Discrimination Task G1,SYNTHETIC,G1,G1,G1,2,Display 1,Screen 1,,,response,5,,,,4934.2,,,4934.2,1,4934.2,,,,Response,,,Display1,disc_5_1_tab20.png,5,tab20,1,baseline,discrimination,How many distinct classes do you see?,5,1
363,1789994541000,21/09/2026 12:42:21,1789994541000,1,21/09/2026 13:42:21,229051,38,synthetic-g1,,SYN-S1-S1_PRIV_016,S1PUB016,S1_PRIV_016,,complete,SYNTHETIC,,computer,Synthetic desktop,Synthetic OS,Synthetic Browser,1920 x 1080,1440 x 900,,,,Discrimination Task G1,SYNTHETIC,G1,G1,G1,3,Display 1,Screen 1,,,response,25,,,,7987.4,,,7987.4,0,7987.4,,,,Response,,,Display1,disc_30_3_tab20sa.png,30,tab20sa,3,sa,discrimination,How many distinct classes do you see?,30,1
364,1789994548000,21/09/2026 12:42:28,1789994548000,1,21/09/2026 13:42:28,229051,38,synthetic-g1,,SYN-S1-S1_PRIV_016,S1PUB016,S1_PRIV_016,,complete,SYNTHETIC,,computer,Synthetic desktop,Synthetic OS,Synthetic Browser,1920 x 1080,1440 x 900,,,,Discrimination Task G1,SYNTHETIC,G1,G1,G1,4,Display 1,Screen 1,,,response,20,,,,6020.9,,,6020.9,1,6020.9,,,,Response,,,Display1,disc_20_2_tab20.png,20,tab20,2,baseline,discrimination,How many distinct classes do you see?,20,1
365,1789994555000,21/09/2026 12:42:35,1789994555000,1,21/09/2026 13:42:35,229051,38,synthetic-g1,,SYN-S1-S1_PRIV_016,S1PUB016,S1_PRIV_016,,complete,SYNTHETIC,,computer,Synthetic desktop,Synthetic OS,Synthetic Browser,1920 x 1080,1440 x 900,,,,Discrimination Task G1,SYNTHETIC,G1,G1,G1,5,Display 1,Screen 1,,,response,10,,,,3160.4,,,3160.4,1,3160.4,,,,Response,,,Display1,disc_10_2_tab20.png,10,tab20,2,baseline,discrimination,How many distinct classes do you see?,10,1
366,1789994562000,21/09/2026 12:42:42,1789994562000,1,21/09/2026 13:42:42,229051,38,synthetic-g1,,SYN-S1-S1_PRIV_016,S1PUB016,S1_PRIV_016,,complete,SYNTHETIC,,computer,Synthetic desktop,Synthetic OS,Synthetic Browser,1920 x 1080,1440 x 900,,,,Discrimination Task G1,SYNTHETIC,G1,G1,G1,6,Display 1,Screen 1,,,response,5,,,,3382.0,,,3382.0,1,3382.0,,,,Response,,,Display1,disc_5_3_tab20sa.png,5,tab20sa,3,sa,discrimination,How many distinct classes do you see?,5,1
367,1789994569000,21/09/2026 12:42:49,1789994569000,1,21/09/2026 13:42:49,229051,38,synthetic-g1,,SYN-S1-S1_PRIV_016,S1PUB016,S1_PRIV_016,,complete,SYNTHETIC,,computer,Synthetic desktop,Synthetic OS,Synthetic Browser,1920 x 1080,1440 x 900,,,,Discrimination Task G1,SYNTHETIC,G1,G1,G1,7,Display 1,Screen 1,,,response,10,,,,3648.0,,,3648.0,0,3648.0,,,,Response,,,Display1,disc_5_2_tab20.png,5,tab20,2,baseline,discrimination,How many distinct classes do you see?,5,1
368,1789994576000,21/09/2026 12:42:56,1789994576000,1,21/09/2026 13:42:56,229051,38,synthetic-g1,,SYN-S1-S1_PRIV_016,S1PUB016,S1_PRIV_016,,complete,SYNTHETIC,,computer,Synthetic desktop,Synthetic OS,Synthetic Browser,1920 x 1080,1440 x 900,,,,Discrimination Task G1,SYNTHETIC,G1,G1,G1,8,Display 1,Screen 1,,,response,10,,,,3616.2,,,3616.2,1,3616.2,,,,Response,,,Display1,disc_10_3_tab20sa.png,10,tab20sa,3,sa,discrimination,How many distinct classes do you see?,10,1
369,1789994583000,21/09/2026 12:43:03,1789994583000,1,21/09/2026 13:43:03,229051,38,synthetic-g1,,SYN-S1-S1_PRIV_016,S1PUB016,S1_PRIV_016,,complete,SYNTHETIC,,computer,Synthetic desktop,Synthetic OS,Synthetic Browser,1920 x 1080,1440 x 900,,,,Discrimination Task G1,SYNTHETIC,G1,G1,G1,9,Display 1,Screen 1,,,response,20,,,,6461.8,,,6461.8,1,6461.8,,,,Response,,,Display1,disc_20_3_tab20sa.png,20,tab20sa,3,sa,discrimination,How many distinct classes do you see?,20,1
370,1789994590000,21/09/2026 12:43:10,1789994590000,1,21/09/2026 13:43:10,229051,38,synthetic-g1,,SYN-S1-S1_PRIV_016,S1PUB016,S1_PRIV_016,,complete,SYNTHETIC,,computer,Synthetic desktop,Synthetic OS,Synthetic Browser,1920 x 1080,1440 x 900,,,,Discrimination Task G1,SYNTHETIC,G1,G1,G1,10,Display 1,Screen 1,,,response,20,,,,3436.3,,,3436.3,1,3436.3,,,,Response,,,Display1,disc_20_3_tab20.png,20,tab20,3,baseline,discrimination,How many distinct classes do you see?,20,1
371,1789994597000,21/09/2026 12:43:17,1789994597000,1,21/09/2026 13:43:17,229051,38,synthetic-g1,,SYN-S1-S1_PRIV_016,S1PUB016,S1_PRIV_016,,complete,SYNTHETIC,,computer,Synthetic desktop,Synthetic OS,Synthetic Browser,1920 x 1080,1440 x 900,,,,Discrimination Task G1,SYNTHETIC,G1,G1,G1,11,Display 1,Screen 1,,,response,5,,,,1881.4,,,1881.4,0,1881.4,,,,Response,,,Display1,disc_10_2_tab20sa.png,10,tab20sa,2,sa,discrimination,How many distinct classes do you see?,10,1
372,1789994604000,21/09/2026 12:43:24,1789994604000,1,21/09/2026 13:43:24,229051,38,synthetic-g1,,SYN-S1-S1_PRIV_016,S1PUB016,S1_PRIV_016,,complete,SYNTHETIC,,computer,Synthetic desktop,Synthetic OS,Synthetic Browser,1920 x 1080,1440 x 900,,,,Discrimination Task G1,SYNTHETIC,G1,G1,G1,12,Display 1,Screen 1,,,response,5,,,,2581.8,,,2581.8,1,2581.8,,,,Response,,,Display1,disc_5_2_tab20sa.png,5,tab20sa,2,sa,discrimination,How many distinct classes do you see?,5,1
373,1789994611000,21/09/2026 12:43:31,1789994611000,1,21/09/2026 13:43:31,229051,38,synthetic-g1,,SYN-S1-S1_PRIV_016,S1PUB016,S1_PRIV_016,,complete,SYNTHETIC,,computer,Synthetic desktop,Synthetic OS,Synthetic Browser,1920 x 1080,1440 x 900,,,,Discrimination Task G1,SYNTHETIC,G1,G1,G1,13,Display 1,Screen 1,,,response,30,,,,4669.3,,,4669.3,1,4669.3,,,,Response,,,Display1,disc_30_2_tab20sa.png,30,tab20sa,2,sa,discrimination,How many distinct classes do you see?,30,1
374,1789994618000,21/09/2026 12:43:38,1789994618000,1,21/09/2026 13:43:38,229051,38,synthetic-g1,,SYN-S1-S1_PRIV_016,S1PUB016,S1_PRIV_016,,complete,SYNTHETIC,,computer,Synthetic desktop,Synthetic OS,Synthetic Browser,1920 x 1080,1440 x 900,,,,Discrimination Task G1,SYNTHETIC,G1,G1,G1,14,Display 1,Screen 1,,,response,30,,,,7467.8,,,7467.8,1,7467.8,,,,Response,,,Display1,disc_30_1_tab20.png,30,tab20,1,baseline,discrimination,How many distinct classes do you see?,30,1
375,1789994625000,21/09/2026 12:43:45,1789994625000,1,21/09/2026 13:43:45,229051,38,synthetic-g1,,SYN-S1-S1_PRIV_016,S1PUB016,S1_PRIV_016,,complete,SYNTHETIC,,computer,Synthetic desktop,Synthetic OS,Synthetic Browser,1920 x 1080,1440 x 900,,,,Discrimination Task G1,SYNTHETIC,G1,G1,G1,15,Display 1,Screen 1,,,response,10,,,,3556.6,,,3556.6,1,3556.6,,,,Response,,,Display1,disc_10_1_tab20.png,10,tab20,1,baseline,discrimination,How many distinct classes do you see?,10,1
376,1789994632000,21/09/2026 12:43:52,1789994632000,1,21/09/2026 13:43:52,229051,38,synthetic-g1,,SYN-S1-S1_PRIV_016,S1PUB016,S1_PRIV_016,,complete,SYNTHETIC,,computer,Synthetic desktop,Synthetic OS,Synthetic Browser,1920 x 1080,1440 x 900,,,,Discrimination Task G1,SYNTHETIC,G1,G1,G1,16,Display 1,Screen 1,,,response,10,,,,6832.9,,,6832.9,1,6832.9,,,,Response,,,Display1,disc_10_3_tab20.png,10,tab20,3,baseline,discrimination,How many distinct classes do you see?,10,1
377,1789994639000,21/09/2026 12:43:59,1789994639000,1,21/09/2026 13:43:59,229051,38,synthetic-g1,,SYN-S1-S1_PRIV_016,S1PUB016,S1_PRIV_016,,complete,SYNTHETIC,,computer,Synthetic desktop,Synthetic OS,Synthetic Browser,1920 x 1080,1440 x 900,,,,Discrimination Task G1,SYNTHETIC,G1,G1,G1,17,Display 1,Screen 1,,,response,20,,,,4020.1,,,4020.1,1,4020.1,,,,Response,,,Display1,disc_20_1_tab20.png,20,tab20,1,baseline,discrimination,How many distinct classes do you see?,20,1
378,1789994646000,21/09/2026 12:44:06,1789994646000,1,21/09/2026 13:44:06,229051,38,synthetic-g1,,SYN-S1-S1_PRIV_016,S1PUB016,S1_PRIV_016,,complete,SYNTHETIC,,computer,Synthetic desktop,Synthetic OS,Synthetic Browser,1920 x 1080,1440 x 900,,,,Discrimination Task G1,SYNTHETIC,G1,G1,G1,18,Display 1,Screen 1,,,response,20,,,,7647.7,,,7647.7,1,7647.7,,,,Response,,,Display1,disc_20_2_tab20sa.png,20,tab20sa,2,sa,discrimination,How many distinct classes do you see?,20,1
379,1789994653000,21/09/2026 12:44:13,1789994653000,1,21/09/2026 13:44:13,229051,38,synthetic-g1,,SYN-S1-S1_PRIV_016,S1PUB016,S1_PRIV_016,,complete,SYNTHETIC,,computer,Synthetic desktop,Synthetic OS,Synthetic Browser,1920 x 1080,1440 x 900,,,,Discrimination Task G1,SYNTHETIC,G1,G1,G1,19,Display 1,Screen 1,,,response,5,,,,1837.5,,,1837.5,1,1837.5,,,,Response,,,Display1,disc_5_1_tab20sa.png,5,tab20sa,1,sa,discrimination,How many distinct classes do you see?,5,1
380,1789994660000,21/09/2026 12:44:20,1789994660000,1,21/09/2026 13:44:20,229051,38,synthetic-g1,,SYN-S1-S1_PRIV_016,S1PUB016,S1_PRIV_016,,complete,SYNTHETIC,,computer,Synthetic desktop,Synthetic OS,Synthetic Browser,1920 x 1080,1440 x 900,,,,Discrimination Task G1,SYNTHETIC,G1,G1,G1,20,Display 1,Screen 1,,,response,25,,,,5079.7,,,5079.7,0,5079.7,,,,Response,,,Display1,disc_30_2_tab20.png,30,tab20,2,baseline,discrimination,How many distinct classes do you see?,30,1
381,1789994667000,21/09/2026 12:44:27,1789994667000,1,21/09/2026 13:44:27,229051,38,synthetic-g1,,SYN-S1-S1_PRIV_016,S1PUB016,S1_PRIV_016,,complete,SYNTHETIC,,computer,Synthetic desktop,Synthetic OS,Synthetic Browser,1920 x 1080,1440 x 900,,,,Discrimination Task G1,SYNTHETIC,G1,G1,G1,21,Display 1,Screen 1,,,response,30,,,,5667.6,,,5667.6,1,5667.6,,,,Response,,,Display1,disc_30_3_tab20.png,30,tab20,3,baseline,discrimination,How many distinct classes do you see?,30,1
382,1789994674000,21/09/2026 12:44:34,1789994674000,1,21/09/2026 13:44:34,229051,38,synthetic-g1,,SYN-S1-S1_PRIV_016,S1PUB016,S1_PRIV_016,,complete,SYNTHETIC,,computer,Synthetic desktop,Synthetic OS,Synthetic Browser,1920 x 1080,1440 x 900,,,,Discrimination Task G1,SYNTHETIC,G1,G1,G1,22,Display 1,Screen 1,,,response,25,,,,9918.6,,,9918.6,0,9918.6,,,,Response,,,Display1,disc_30_1_tab20sa.png,30,tab20sa,1,sa,discrimination,How many distinct classes do you see?,30,1
383,1789994681000,21/09/2026 12:44:41,1789994681000,1,21/09/2026 13:44:41,229051,38,synthetic-g1,,SYN-S1-S1_PRIV_016,S1PUB016,S1_PRIV_016,,complete,SYNTHETIC,,computer,Synthetic desktop,Synthetic OS,Synthetic Browser,1920 x 1080,1440 x 900,,,,Discrimination Task G1,SYNTHETIC,G1,G1,G1,23,Display 1,Screen 1,,,response,10,,,,3136.1,,,3136.1,1,3136.1,,,,Response,,,Display1,disc_10_1_tab20sa.png,10,tab20sa,1,sa,discrimination,How many distinct classes do you see?,10,1
384,1789994688000,21/09/2026 12:44:48,1789994688000,1,21/09/2026 13:44:48,229051,38,synthetic-g1,,SYN-S1-S1_PRIV_016,S1PUB016,S1_PRIV_016,,complete,SYNTHETIC,,computer,Synthetic desktop,Synthetic OS,Synthetic Browser,1920 x 1080,1440 x 900,,,,Discrimination Task G1,SYNTHETIC,G1,G1,G1,24,Display 1,Screen 1,,,response,5,,,,3990.3,,,3990.3,1,3990.3,,,,Response,,,Display1,disc_5_3_tab20.png,5,tab20,3,baseline,discrimination,How many distinct classes do you see?,5,1
385,1789994695000,21/09/2026 12:44:55,1789994695000,1,21/09/2026 13:44:55,229051,38,synthetic-g1,,SYN-S1-S1_PRIV_017,S1PUB017,S1_PRIV_017,,complete,SYNTHETIC,,computer,Synthetic desktop,Synthetic OS,Synthetic Browser,1920 x 1080,1440 x 900,,,,Discrimination Task G1,SYNTHETIC,G1,G1,G1,1,Display 1,Screen 1,,,response,5,,,,5624.4,,,5624.4,1,5624.4,,,,Response,,,Display1,disc_5_3_tab20sa.png,5,tab20sa,3,sa,discrimination,How many distinct classes do you see?,5,1
386,1789994702000,21/09/2026 12:45:02,1789994702000,1,21/09/2026 13:45:02,229051,38,synthetic-g1,,SYN-S1-S1_PRIV_017,S1PUB017,S1_PRIV_017,,complete,SYNTHETIC,,computer,Synthetic desktop,Synthetic OS,Synthetic Browser,1920 x 1080,1440 x 900,,,,Discrimination Task G1,SYNTHETIC,G1,G1,G1,2,Display 1,Screen 1,,,response,25,,,,8202.8,,,8202.8,0,8202.8,,,,Response,,,Display1,disc_30_3_tab20.png,30,tab20,3,baseline,discrimination,How many distinct classes do you see?,30,1
387,1789994709000,21/09/2026 12:45:09,1789994709000,1,21/09/2026 13:45:09,229051,38,synthetic-g1,,SYN-S1-S1_PRIV_017,S1PUB017,S1_PRIV_017,,complete,SYNTHETIC,,computer,Synthetic desktop,Synthetic OS,Synthetic Browser,1920 x 1080,1440 x 900,,,,Discrimination Task G1,SYNTHETIC,G1,G1,G1,3,Display 1,Screen 1,,,response,20,,,,4229.2,,,4229.2,1,4229.2,,,,Response,,,Display1,disc_20_1_tab20.png,20,tab20,1,baseline,discrimination,How many distinct classes do you see?,20,1
388,1789994716000,21/09/2026 12:45:16,1789994716000,1,21/09/2026 13:45:16,229051,38,synthetic-g1,,SYN-S1-S1_PRIV_017,S1PUB017,S1_PRIV_017,,complete,SYNTHETIC,,computer,Synthetic desktop,Synthetic OS,Synthetic Browser,1920 x 1080,1440 x 900,,,,Discrimination Task G1,SYNTHETIC,G1,G1,G1,4,Display 1,Screen 1,,,response,10,,,,5087.6,,,5087.6,0,5087.6,,,,Response,,,Display1,disc_5_2_tab20sa.png,5,tab20sa,2,sa,discrimination,How many distinct classes do you see?,5,1
389,1789994723000,21/09/2026 12:45:23,1789994723000,1,21/09/2026 13:45:23,229051,38,synthetic-g1,,SYN-S1-S1_PRIV_017,S1PUB017,S1_PRIV_017,,complete,SYNTHETIC,,computer,Synthetic desktop,Synthetic OS,Synthetic Browser,1920 x 1080,1440 x 900,,,,Discrimination Task G1,SYNTHETIC,G1,G1,G1,5,Display 1,Screen 1,,,response,30,,,,8467.0,,,8467.0,1,8467.0,,,,Response,,,Display1,disc_30_1_tab20.png,30,tab20,1,baseline,discrimination,How many distinct classes do you see?,30,1
390,1789994730000,21/09/2026 12:45:30,1789994730000,1,21/09/2026 13:45:30,229051,38,synthetic-g1,,SYN-S1-S1_PRIV_017,S1PUB017,S1_PRIV_017,,complete,SYNTHETIC,,computer,Synthetic desktop,Synthetic OS,Synthetic Browser,1920 x 1080,1440 x 900,,,,Discrimination Task G1,SYNTHETIC,G1,G1,G1,6,Display 1,Screen 1,,,response,30,,,,7514.1,,,7514.1,1,7514.1,,,,Response,,,Display1,disc_30_2_tab20.png,30,tab20,2,baseline,discrimination,How many distinct classes do you see?,30,1
391,1789994737000,21/09/2026 12:45:37,1789994737000,1,21/09/2026 13:45:37,229051,38,synthetic-g1,,SYN-S1-S1_PRIV_017,S1PUB017,S1_PRIV_017,,complete,SYNTHETIC,,computer,Synthetic desktop,Synthetic OS,Synthetic Browser,1920 x 1080,1440 x 900,,,,Discrimination Task G1,SYNTHETIC,G1,G1,G1,7,Display 1,Screen 1,,,response,20,,,,11995.6,,,11995.6,1,11995.6,,,,Response,,,Display1,disc_20_3_tab20.png,20,tab20,3,baseline,discrimination,How many distinct classes do you see?,20,1
392,1789994744000,21/09/2026 12:45:44,1789994744000,1,21/09/2026 13:45:44,229051,38,synthetic-g1,,SYN-S1-S1_PRIV_017,S1PUB017,S1_PRIV_017,,complete,SYNTHETIC,,computer,Synthetic desktop,Synthetic OS,Synthetic Browser,1920 x 1080,1440 x 900,,,,Discrimination Task G1,SYNTHETIC,G1,G1,G1,8,Display 1,Screen 1,,,response,5,,,,7114.2,,,7114.2,0,7114.2,,,,Response,,,Display1,disc_10_3_tab20.png,10,tab20,3,baseline,discrimination,How many distinct classes do you see?,10,1
393,1789994751000,21/09/2026 12:45:51,1789994751000,1,21/09/2026 13:45:51,229051,38,synthetic-g1,,SYN-S1-S1_PRIV_017,S1PUB017,S1_PRIV_017,,complete,SYNTHETIC,,computer,Synthetic desktop,Synthetic OS,Synthetic Browser,1920 x 1080,1440 x 900,,,,Discrimination Task G1,SYNTHETIC,G1,G1,G1,9,Display 1,Screen 1,,,response,5,,,,8235.3,,,8235.3,0,8235.3,,,,Response,,,Display1,disc_10_2_tab20.png,10,tab20,2,baseline,discrimination,How many distinct classes do you see?,10,1
394,1789994758000,21/09/2026 12:45:58,1789994758000,1,21/09/2026 13:45:58,229051,38,synthetic-g1,,SYN-S1-S1_PRIV_017,S1PUB017,S1_PRIV_017,,complete,SYNTHETIC,,computer,Synthetic desktop,Synthetic OS,Synthetic Browser,1920 x 1080,1440 x 900,,,,Discrimination Task G1,SYNTHETIC,G1,G1,G1,10,Display 1,Screen 1,,,response,5,,,,3389.1,,,3389.1,1,3389.1,,,,Response,,,Display1,disc_5_1_tab20sa.png,5,tab20sa,1,sa,discrimination,How many distinct classes do you see?,5,1
395,1789994765000,21/09/2026 12:46:05,1789994765000,1,21/09/2026 13:46:05,229051,38,synthetic-g1,,SYN-S1-S1_PRIV_017,S1PUB017,S1_PRIV_017,,complete,SYNTHETIC,,computer,Synthetic desktop,Synthetic OS,Synthetic Browser,1920 x 1080,1440 x 900,,,,Discrimination Task G1,SYNTHETIC,G1,G1,G1,11,Display 1,Screen 1,,,response,30,,,,5084.1,,,5084.1,1,5084.1,,,,Response,,,Display1,disc_30_1_tab20sa.png,30,tab20sa,1,sa,discrimination,How many distinct classes do you see?,30,1
396,1789994772000,21/09/2026 12:46:12,1789994772000,1,21/09/2026 13:46:12,229051,38,synthetic-g1,,SYN-S1-S1_PRIV_017,S1PUB017,S1_PRIV_017,,complete,SYNTHETIC,,computer,Synthetic desktop,Synthetic OS,Synthetic Browser,1920 x 1080,1440 x 900,,,,Discrimination Task G1,SYNTHETIC,G1,G1,G1,12,Display 1,Screen 1,,,response,10,,,,5146.0,,,5146.0,1,5146.0,,,,Response,,,Display1,disc_10_1_tab20.png,10,tab20,1,baseline,discrimination,How many distinct classes do you see?,10,1
397,1789994779000,21/09/2026 12:46:19,1789994779000,1,21/09/2026 13:46:19,229051,38,synthetic-g1,,SYN-S1-S1_PRIV_017,S1PUB017,S1_PRIV_017,,complete,SYNTHETIC,,computer,Synthetic desktop,Synthetic OS,Synthetic Browser,1920 x 1080,1440 x 900,,,,Discrimination Task G1,SYNTHETIC,G1,G1,G1,13,Display 1,Screen 1,,,response,20,,,,7480.4,,,7480.4,1,7480.4,,,,Response,,,Display1,disc_20_3_tab20sa.png,20,tab20sa,3,sa,discrimination,How many distinct classes do you see?,20,1
398,1789994786000,21/09/2026 12:46:26,1789994786000,1,21/09/2026 13:46:26,229051,38,synthetic-g1,,SYN-S1-S1_PRIV_017,S1PUB017,S1_PRIV_017,,complete,SYNTHETIC,,computer,Synthetic desktop,Synthetic OS,Synthetic Browser,1920 x 1080,1440 x 900,,,,Discrimination Task G1,SYNTHETIC,G1,G1,G1,14,Display 1,Screen 1,,,response,5,,,,5248.8,,,5248.8,1,5248.8,,,,Response,,,Display1,disc_5_2_tab20.png,5,tab20,2,baseline,discrimination,How many distinct classes do you see?,5,1
399,1789994793000,21/09/2026 12:46:33,1789994793000,1,21/09/2026 13:46:33,229051,38,synthetic-g1,,SYN-S1-S1_PRIV_017,S1PUB017,S1_PRIV_017,,complete,SYNTHETIC,,computer,Synthetic desktop,Synthetic OS,Synthetic Browser,1920 x 1080,1440 x 900,,,,Discrimination Task G1,SYNTHETIC,G1,G1,G1,15,Display 1,Screen 1,,,response,15,,,,11378.6,,,11378.6,0,11378.6,,,,Response,,,Display1,disc_20_1_tab20sa.png,20,tab20sa,1,sa,discrimination,How many distinct classes do you see?,20,1
400,1789994800000,21/09/2026 12:46:40,1789994800000,1,21/09/2026 13:46:40,229051,38,synthetic-g1,,SYN-S1-S1_PRIV_017,S1PUB017,S1_PRIV_017,,complete,SYNTHETIC,,computer,Synthetic desktop,Synthetic OS,Synthetic Browser,1920 x 1080,1440 x 900,,,,Discrimination Task G1,SYNTHETIC,G1,G1,G1,16,Display 1,Screen 1,,,response,5,,,,2399.4,,,2399.4,1,2399.4,,,,Response,,,Display1,disc_5_1_tab20.png,5,tab20,1,baseline,discrimination,How many distinct classes do you see?,5,1
401,1789994807000,21/09/2026 12:46:47,1789994807000,1,21/09/2026 13:46:47,229051,38,synthetic-g1,,SYN-S1-S1_PRIV_017,S1PUB017,S1_PRIV_017,,complete,SYNTHETIC,,computer,Synthetic desktop,Synthetic OS,Synthetic Browser,1920 x 1080,1440 x 900,,,,Discrimination Task G1,SYNTHETIC,G1,G1,G1,17,Display 1,Screen 1,,,response,10,,,,4356.3,,,4356.3,1,4356.3,,,,Response,,,Display1,disc_10_3_tab20sa.png,10,tab20sa,3,sa,discrimination,How many distinct classes do you see?,10,1
402,1789994814000,21/09/2026 12:46:54,1789994814000,1,21/09/2026 13:46:54,229051,38,synthetic-g1,,SYN-S1-S1_PRIV_017,S1PUB017,S1_PRIV_017,,complete,SYNTHETIC,,computer,Synthetic desktop,Synthetic OS,Synthetic Browser,1920 x 1080,1440 x 900,,,,Discrimination Task G1,SYNTHETIC,G1,G1,G1,18,Display 1,Screen 1,,,response,10,,,,3666.0,,,3666.0,1,3666.0,,,,Response,,,Display1,disc_10_2_tab20sa.png,10,tab20sa,2,sa,discrimination,How many distinct classes do you see?,10,1
403,1789994821000,21/09/2026 12:47:01,1789994821000,1,21/09/2026 13:47:01,229051,38,synthetic-g1,,SYN-S1-S1_PRIV_017,S1PUB017,S1_PRIV_017,,complete,SYNTHETIC,,computer,Synthetic desktop,Synthetic OS,Synthetic Browser,1920 x 1080,1440 x 900,,,,Discrimination Task G1,SYNTHETIC,G1,G1,G1,19,Display 1,Screen 1,,,response,15,,,,7797.3,,,7797.3,0,7797.3,,,,Response,,,Display1,disc_20_2_tab20sa.png,20,tab20sa,2,sa,discrimination,How many distinct classes do you see?,20,1
404,1789994828000,21/09/2026 12:47:08,1789994828000,1,21/09/2026 13:47:08,229051,38,synthetic-g1,,SYN-S1-S1_PRIV_017,S1PUB017,S1_PRIV_017,,complete,SYNTHETIC,,computer,Synthetic desktop,Synthetic OS,Synthetic Browser,1920 x 1080,1440 x 900,,,,Discrimination Task G1,SYNTHETIC,G1,G1,G1,20,Display 1,Screen 1,,,response,10,,,,6147.8,,,6147.8,1,6147.8,,,,Response,,,Display1,disc_10_1_tab20sa.png,10,tab20sa,1,sa,discrimination,How many distinct classes do you see?,10,1
405,1789994835000,21/09/2026 12:47:15,1789994835000,1,21/09/2026 13:47:15,229051,38,synthetic-g1,,SYN-S1-S1_PRIV_017,S1PUB017,S1_PRIV_017,,complete,SYNTHETIC,,computer,Synthetic desktop,Synthetic OS,Synthetic Browser,1920 x 1080,1440 x 900,,,,Discrimination Task G1,SYNTHETIC,G1,G1,G1,21,Display 1,Screen 1,,,response,5,,,,4314.2,,,4314.2,1,4314.2,,,,Response,,,Display1,disc_5_3_tab20.png,5,tab20,3,baseline,discrimination,How many distinct classes do you see?,5,1
406,1789994842000,21/09/2026 12:47:22,1789994842000,1,21/09/2026 13:47:22,229051,38,synthetic-g1,,SYN-S1-S1_PRIV_017,S1PUB017,S1_PRIV_017,,complete,SYNTHETIC,,computer,Synthetic desktop,Synthetic OS,Synthetic Browser,1920 x 1080,1440 x 900,,,,Discrimination Task G1,SYNTHETIC,G1,G1,G1,22,Display 1,Screen 1,,,response,30,,,,7857.1,,,7857.1,1,7857.1,,,,Response,,,Display1,disc_30_3_tab20sa.png,30,tab20sa,3,sa,discrimination,How many distinct classes do you see?,30,1
407,1789994849000,21/09/2026 12:47:29,1789994849000,1,21/09/2026 13:47:29,229051,38,synthetic-g1,,SYN-S1-S1_PRIV_017,S1PUB017,S1_PRIV_017,,complete,SYNTHETIC,,computer,Synthetic desktop,Synthetic OS,Synthetic Browser,1920 x 1080,1440 x 900,,,,Discrimination Task G1,SYNTHETIC,G1,G1,G1,23,Display 1,Screen 1,,,response,25,,,,7193.0,,,7193.0,0,7193.0,,,,Response,,,Display1,disc_30_2_tab20sa.png,30,tab20sa,2,sa,discrimination,How many distinct classes do you see?,30,1
408,1789994856000,21/09/2026 12:47:36,1789994856000,1,21/09/2026 13:47:36,229051,38,synthetic-g1,,SYN-S1-S1_PRIV_017,S1PUB017,S1_PRIV_017,,complete,SYNTHETIC,,computer,Synthetic desktop,Synthetic OS,Synthetic Browser,1920 x 1080,1440 x 900,,,,Discrimination Task G1,SYNTHETIC,G1,G1,G1,24,Display 1,Screen 1,,,response,20,,,,6377.8,,,6377.8,1,6377.8,,,,Response,,,Display1,disc_20_2_tab20.png,20,tab20,2,baseline,discrimination,How many distinct classes do you see?,20,1
409,1789994863000,21/09/2026 12:47:43,1789994863000,1,21/09/2026 13:47:43,229051,38,synthetic-g1,,SYN-S1-S1_PRIV_018,S1PUB018,S1_PRIV_018,,complete,SYNTHETIC,,computer,Synthetic desktop,Synthetic OS,Synthetic Browser,1920 x 1080,1440 x 900,,,,Discrimination Task G1,SYNTHETIC,G1,G1,G1,1,Display 1,Screen 1,,,response,5,,,,2480.3,,,2480.3,1,2480.3,,,,Response,,,Display1,disc_5_2_tab20.png,5,tab20,2,baseline,discrimination,How many distinct classes do you see?,5,1
410,1789994870000,21/09/2026 12:47:50,1789994870000,1,21/09/2026 13:47:50,229051,38,synthetic-g1,,SYN-S1-S1_PRIV_018,S1PUB018,S1_PRIV_018,,complete,SYNTHETIC,,computer,Synthetic desktop,Synthetic OS,Synthetic Browser,1920 x 1080,1440 x 900,,,,Discrimination Task G1,SYNTHETIC,G1,G1,G1,2,Display 1,Screen 1,,,response,5,,,,4156.7,,,4156.7,1,4156.7,,,,Response,,,Display1,disc_5_3_tab20.png,5,tab20,3,baseline,discrimination,How many distinct classes do you see?,5,1
411,1789994877000,21/09/2026 12:47:57,1789994877000,1,21/09/2026 13:47:57,229051,38,synthetic-g1,,SYN-S1-S1_PRIV_018,S1PUB018,S1_PRIV_018,,complete,SYNTHETIC,,computer,Synthetic desktop,Synthetic OS,Synthetic Browser,1920 x 1080,1440 x 900,,,,Discrimination Task G1,SYNTHETIC,G1,G1,G1,3,Display 1,Screen 1,,,response,20,,,,5949.1,,,5949.1,1,5949.1,,,,Response,,,Display1,disc_20_3_tab20.png,20,tab20,3,baseline,discrimination,How many distinct classes do you see?,20,1
412,1789994884000,21/09/2026 12:48:04,1789994884000,1,21/09/2026 13:48:04,229051,38,synthetic-g1,,SYN-S1-S1_PRIV_018,S1PUB018,S1_PRIV_018,,complete,SYNTHETIC,,computer,Synthetic desktop,Synthetic OS,Synthetic Browser,1920 x 1080,1440 x 900,,,,Discrimination Task G1,SYNTHETIC,G1,G1,G1,4,Display 1,Screen 1,,,response,20,,,,8411.0,,,8411.0,1,8411.0,,,,Response,,,Display1,disc_20_3_tab20sa.png,20,tab20sa,3,sa,discrimination,How many distinct classes do you see?,20,1
413,1789994891000,21/09/2026 12:48:11,1789994891000,1,21/09/2026 13:48:11,229051,38,synthetic-g1,,SYN-S1-S1_PRIV_018,S1PUB018,S1_PRIV_018,,complete,SYNTHETIC,,computer,Synthetic desktop,Synthetic OS,Synthetic Browser,1920 x 1080,1440 x 900,,,,Discrimination Task G1,SYNTHETIC,G1,G1,G1,5,Display 1,Screen 1,,,response,10,,,,2956.6,,,2956.6,1,2956.6,,,,Response,,,Display1,disc_10_3_tab20sa.png,10,tab20sa,3,sa,discrimination,How many distinct classes do you see?,10,1
414,1789994898000,21/09/2026 12:48:18,1789994898000,1,21/09/2026 13:48:18,229051,38,synthetic-g1,,SYN-S1-S1_PRIV_018,S1PUB018,S1_PRIV_018,,complete,SYNTHETIC,,computer,Synthetic desktop,Synthetic OS,Synthetic Browser,1920 x 1080,1440 x 900,,,,Discrimination Task G1,SYNTHETIC,G1,G1,G1,6,Display 1,Screen 1,,,response,30,,,,5792.4,,,5792.4,1,5792.4,,,,Response,,,Display1,disc_30_2_tab20sa.png,30,tab20sa,2,sa,discrimination,How many distinct classes do you see?,30,1
415,1789994905000,21/09/2026 12:48:25,1789994905000,1,21/09/2026 13:48:25,229051,38,synthetic-g1,,SYN-S1-S1_PRIV_018,S1PUB018,S1_PRIV_018,,complete,SYNTHETIC,,computer,Synthetic desktop,Synthetic OS,Synthetic Browser,1920 x 1080,1440 x 900,,,,Discrimination Task G1,SYNTHETIC,G1,G1,G1,7,Display 1,Screen 1,,,response,20,,,,3980.7,,,3980.7,1,3980.7,,,,Response,,,Display1,disc_20_1_tab20sa.png,20,tab20sa,1,sa,discrimination,How many distinct classes do you see?,20,1
416,1789994912000,21/09/2026 12:48:32,1789994912000,1,21/09/2026 13:48:32,229051,38,synthetic-g1,,SYN-S1-S1_PRIV_018,S1PUB018,S1_PRIV_018,,complete,SYNTHETIC,,computer,Synthetic desktop,Synthetic OS,Synthetic Browser,1920 x 1080,1440 x 900,,,,Discrimination Task G1,SYNTHETIC,G1,G1,G1,8,Display 1,Screen 1,,,response,30,,,,4757.3,,,4757.3,1,4757.3,,,,Response,,,Display1,disc_30_1_tab20sa.png,30,tab20sa,1,sa,discrimination,How many distinct classes do you see?,30,1
417,1789994919000,21/09/2026 12:48:39,1789994919000,1,21/09/2026 13:48:39,229051,38,synthetic-g1,,SYN-S1-S1_PRIV_018,S1PUB018,S1_PRIV_018,,complete,SYNTHETIC,,computer,Synthetic desktop,Synthetic OS,Synthetic Browser,1920 x 1080,1440 x 900,,,,Discrimination Task G1,SYNTHETIC,G1,G1,G1,9,Display 1,Screen 1,,,response,10,,,,4476.8,,,4476.8,0,4476.8,,,,Response,,,Display1,disc_5_3_tab20sa.png,5,tab20sa,3,sa,discrimination,How many distinct classes do you see?,5,1
418,1789994926000,21/09/2026 12:48:46,1789994926000,1,21/09/2026 13:48:46,229051,38,synthetic-g1,,SYN-S1-S1_PRIV_018,S1PUB018,S1_PRIV_018,,complete,SYNTHETIC,,computer,Synthetic desktop,Synthetic OS,Synthetic Browser,1920 x 1080,1440 x 900,,,,Discrimination Task G1,SYNTHETIC,G1,G1,G1,10,Display 1,Screen 1,,,response,5,,,,4386.2,,,4386.2,0,4386.2,,,,Response,,,Display1,disc_10_1_tab20.png,10,tab20,1,baseline,discrimination,How many distinct classes do you see?,10,1
419,1789994933000,21/09/2026 12:48:53,1789994933000,1,21/09/2026 13:48:53,229051,38,synthetic-g1,,SYN-S1-S1_PRIV_018,S1PUB018,S1_PRIV_018,,complete,SYNTHETIC,,computer,Synthetic desktop,Synthetic OS,Synthetic Browser,1920 x 1080,1440 x 900,,,,Discrimination Task G1,SYNTHETIC,G1,G1,G1,11,Display 1,Screen 1,,,response,20,,,,4821.2,,,4821.2,1,4821.2,,,,Response,,,Display1,disc_20_2_tab20sa.png,20,tab20sa,2,sa,discrimination,How many distinct classes do you see?,20,1
420,1789994940000,21/09/2026 12:49:00,1789994940000,1,21/09/2026 13:49:00,229051,38,synthetic-g1,,SYN-S1-S1_PRIV_018,S1PUB018,S1_PRIV_018,,complete,SYNTHETIC,,computer,Synthetic desktop,Synthetic OS,Synthetic Browser,1920 x 1080,1440 x 900,,,,Discrimination Task G1,SYNTHETIC,G1,G1,G1,12,Display 1,Screen 1,,,response,10,,,,3556.8,,,3556.8,1,3556.8,,,,Response,,,Display1,disc_10_1_tab20sa.png,10,tab20sa,1,sa,discrimination,How many distinct classes do you see?,10,1
421,1789994947000,21/09/2026 12:49:07,1789994947000,1,21/09/2026 13:49:07,229051,38,synthetic-g1,,SYN-S1-S1_PRIV_018,S1PUB018,S1_PRIV_018,,complete,SYNTHETIC,,computer,Synthetic desktop,Synthetic OS,Synthetic Browser,1920 x 1080,1440 x 900,,,,Discrimination Task G1,SYNTHETIC,G1,G1,G1,13,Display 1,Screen 1,,,response,5,,,,3923.5,,,3923.5,1,3923.5,,,,Response,,,Display1,disc_5_1_tab20sa.png,5,tab20sa,1,sa,discrimination,How many distinct classes do you see?,5,1
422,1789994954000,21/09/2026 12:49:14,1789994954000,1,21/09/2026 13:49:14,229051,38,synthetic-g1,,SYN-S1-S1_PRIV_018,S1PUB018,S1_PRIV_018,,complete,SYNTHETIC,,computer,Synthetic desktop,Synthetic OS,Synthetic Browser,1920 x 1080,1440 x 900,,,,Discrimination Task G1,SYNTHETIC,G1,G1,G1,14,Display 1,Screen 1,,,response,10,,,,3238.8,,,3238.8,1,3238.8,,,,Response,,,Display1,disc_10_3_tab20.png,10,tab20,3,baseline,discrimination,How many distinct classes do you see?,10,1
423,1789994961000,21/09/2026 12:49:21,1789994961000,1,21/09/2026 13:49:21,229051,38,synthetic-g1,,SYN-S1-S1_PRIV_018,S1PUB018,S1_PRIV_018,,complete,SYNTHETIC,,computer,Synthetic desktop,Synthetic OS,Synthetic Browser,1920 x 1080,1440 x 900,,,,Discrimination Task G1,SYNTHETIC,G1,G1,G1,15,Display 1,Screen 1,,,response,30,,,,7986.2,,,7986.2,1,7986.2,,,,Response,,,Display1,disc_30_2_tab20.png,30,tab20,2,baseline,discrimination,How many distinct classes do you see?,30,1
424,1789994968000,21/09/2026 12:49:28,1789994968000,1,21/09/2026 13:49:28,229051,38,synthetic-g1,,SYN-S1-S1_PRIV_018,S1PUB018,S1_PRIV_018,,complete,SYNTHETIC,,computer,Synthetic desktop,Synthetic OS,Synthetic Browser,1920 x 1080,1440 x 900,,,,Discrimination Task G1,SYNTHETIC,G1,G1,G1,16,Display 1,Screen 1,,,response,10,,,,2914.5,,,2914.5,1,2914.5,,,,Response,,,Display1,disc_10_2_tab20.png,10,tab20,2,baseline,discrimination,How many distinct classes do you see?,10,1
425,1789994975000,21/09/2026 12:49:35,1789994975000,1,21/09/2026 13:49:35,229051,38,synthetic-g1,,SYN-S1-S1_PRIV_018,S1PUB018,S1_PRIV_018,,complete,SYNTHETIC,,computer,Synthetic desktop,Synthetic OS,Synthetic Browser,1920 x 1080,1440 x 900,,,,Discrimination Task G1,SYNTHETIC,G1,G1,G1,17,Display 1,Screen 1,,,response,5,,,,3304.6,,,3304.6,1,3304.6,,,,Response,,,Display1,disc_5_1_tab20.png,5,tab20,1,baseline,discrimination,How many distinct classes do you see?,5,1
426,1789994982000,21/09/2026 12:49:42,1789994982000,1,21/09/2026 13:49:42,229051,38,synthetic-g1,,SYN-S1-S1_PRIV_018,S1PUB018,S1_PRIV_018,,complete,SYNTHETIC,,computer,Synthetic desktop,Synthetic OS,Synthetic Browser,1920 x 1080,1440 x 900,,,,Discrimination Task G1,SYNTHETIC,G1,G1,G1,18,Display 1,Screen 1,,,response,20,,,,4173.7,,,4173.7,1,4173.7,,,,Response,,,Display1,disc_20_2_tab20.png,20,tab20,2,baseline,discrimination,How many distinct classes do you see?,20,1
427,1789994989000,21/09/2026 12:49:49,1789994989000,1,21/09/2026 13:49:49,229051,38,synthetic-g1,,SYN-S1-S1_PRIV_018,S1PUB018,S1_PRIV_018,,complete,SYNTHETIC,,computer,Synthetic desktop,Synthetic OS,Synthetic Browser,1920 x 1080,1440 x 900,,,,Discrimination Task G1,SYNTHETIC,G1,G1,G1,19,Display 1,Screen 1,,,response,20,,,,6598.6,,,6598.6,1,6598.6,,,,Response,,,Display1,disc_20_1_tab20.png,20,tab20,1,baseline,discrimination,How many distinct classes do you see?,20,1
428,1789994996000,21/09/2026 12:49:56,1789994996000,1,21/09/2026 13:49:56,229051,38,synthetic-g1,,SYN-S1-S1_PRIV_018,S1PUB018,S1_PRIV_018,,complete,SYNTHETIC,,computer,Synthetic desktop,Synthetic OS,Synthetic Browser,1920 x 1080,1440 x 900,,,,Discrimination Task G1,SYNTHETIC,G1,G1,G1,20,Display 1,Screen 1,,,response,10,,,,2713.7,,,2713.7,0,2713.7,,,,Response,,,Display1,disc_5_2_tab20sa.png,5,tab20sa,2,sa,discrimination,How many distinct classes do you see?,5,1
429,1789995003000,21/09/2026 12:50:03,1789995003000,1,21/09/2026 13:50:03,229051,38,synthetic-g1,,SYN-S1-S1_PRIV_018,S1PUB018,S1_PRIV_018,,complete,SYNTHETIC,,computer,Synthetic desktop,Synthetic OS,Synthetic Browser,1920 x 1080,1440 x 900,,,,Discrimination Task G1,SYNTHETIC,G1,G1,G1,21,Display 1,Screen 1,,,response,10,,,,3537.3,,,3537.3,1,3537.3,,,,Response,,,Display1,disc_10_2_tab20sa.png,10,tab20sa,2,sa,discrimination,How many distinct classes do you see?,10,1
430,1789995010000,21/09/2026 12:50:10,1789995010000,1,21/09/2026 13:50:10,229051,38,synthetic-g1,,SYN-S1-S1_PRIV_018,S1PUB018,S1_PRIV_018,,complete,SYNTHETIC,,computer,Synthetic desktop,Synthetic OS,Synthetic Browser,1920 x 1080,1440 x 900,,,,Discrimination Task G1,SYNTHETIC,G1,G1,G1,22,Display 1,Screen 1,,,response,25,,,,9373.3,,,9373.3,0,9373.3,,,,Response,,,Display1,disc_30_3_tab20sa.png,30,tab20sa,3,sa,discrimination,How many distinct classes do you see?,30,1
431,1789995017000,21/09/2026 12:50:17,1789995017000,1,21/09/2026 13:50:17,229051,38,synthetic-g1,,SYN-S1-S1_PRIV_018,S1PUB018,S1_PRIV_018,,complete,SYNTHETIC,,computer,Synthetic desktop,Synthetic OS,Synthetic Browser,1920 x 1080,1440 x 900,,,,Discrimination Task G1,SYNTHETIC,G1,G1,G1,23,Display 1,Screen 1,,,response,25,,,,5392.1,,,5392.1,0,5392.1,,,,Response,,,Display1,disc_30_3_tab20.png,30,tab20,3,baseline,discrimination,How many distinct classes do you see?,30,1
432,1789995024000,21/09/2026 12:50:24,1789995024000,1,21/09/2026 13:50:24,229051,38,synthetic-g1,,SYN-S1-S1_PRIV_018,S1PUB018,S1_PRIV_018,,complete,SYNTHETIC,,computer,Synthetic desktop,Synthetic OS,Synthetic Browser,1920 x 1080,1440 x 900,,,,Discrimination Task G1,SYNTHETIC,G1,G1,G1,24,Display 1,Screen 1,,,response,25,,,,9684.4,,,9684.4,0,9684.4,,,,Response,,,Display1,disc_30_1_tab20.png,30,tab20,1,baseline,discrimination,How many distinct classes do you see?,30,1
433,1789995031000,21/09/2026 12:50:31,1789995031000,1,21/09/2026 13:50:31,229051,38,synthetic-g1,,SYN-S1-S1_PRIV_019,S1PUB019,S1_PRIV_019,,complete,SYNTHETIC,,computer,Synthetic desktop,Synthetic OS,Synthetic Browser,1920 x 1080,1440 x 900,,,,Discrimination Task G1,SYNTHETIC,G1,G1,G1,1,Display 1,Screen 1,,,response,15,,,,2834.5,,,2834.5,0,2834.5,,,,Response,,,Display1,disc_20_1_tab20sa.png,20,tab20sa,1,sa,discrimination,How many distinct classes do you see?,20,1
434,1789995038000,21/09/2026 12:50:38,1789995038000,1,21/09/2026 13:50:38,229051,38,synthetic-g1,,SYN-S1-S1_PRIV_019,S1PUB019,S1_PRIV_019,,complete,SYNTHETIC,,computer,Synthetic desktop,Synthetic OS,Synthetic Browser,1920 x 1080,1440 x 900,,,,Discrimination Task G1,SYNTHETIC,G1,G1,G1,2,Display 1,Screen 1,,,response,30,,,,4706.0,,,4706.0,1,4706.0,,,,Response,,,Display1,disc_30_1_tab20sa.png,30,tab20sa,1,sa,discrimination,How many distinct classes do you see?,30,1
435,1789995045000,21/09/2026 12:50:45,1789995045000,1,21/09/2026 13:50:45,229051,38,synthetic-g1,,SYN-S1-S1_PRIV_019,S1PUB019,S1_PRIV_019,,complete,SYNTHETIC,,computer,Synthetic desktop,Synthetic OS,Synthetic Browser,1920 x 1080,1440 x 900,,,,Discrimination Task G1,SYNTHETIC,G1,G1,G1,3,Display 1,Screen 1,,,response,30,,,,6348.4,,,6348.4,1,6348.4,,,,Response,,,Display1,disc_30_2_tab20sa.png,30,tab20sa,2,sa,discrimination,How many distinct classes do you see?,30,1
436,1789995052000,21/09/2026 12:50:52,1789995052000,1,21/09/2026 13:50:52,229051,38,synthetic-g1,,SYN-S1-S1_PRIV_019,S1PUB019,S1_PRIV_019,,complete,SYNTHETIC,,computer,Synthetic desktop,Synthetic OS,Synthetic Browser,1920 x 1080,1440 x 900,,,,Discrimination Task G1,SYNTHETIC,G1,G1,G1,4,Display 1,Screen 1,,,response,10,,,,4238.3,,,4238.3,1,4238.3,,,,Response,,,Display1,disc_10_2_tab20.png,10,tab20,2,baseline,discrimination,How many distinct classes do you see?,10,1
437,1789995059000,21/09/2026 12:50:59,1789995059000,1,21/09/2026 13:50:59,229051,38,synthetic-g1,,SYN-S1-S1_PRIV_019,S1PUB019,S1_PRIV_019,,complete,SYNTHETIC,,computer,Synthetic desktop,Synthetic OS,Synthetic Browser,1920 x 1080,1440 x 900,,,,Discrimination Task G1,SYNTHETIC,G1,G1,G1,5,Display 1,Screen 1,,,response,15,,,,7767.8,,,7767.8,0,7767.8,,,,Response,,,Display1,disc_20_3_tab20.png,20,tab20,3,baseline,discrimination,How many distinct classes do you see?,20,1
438,1789995066000,21/09/2026 12:51:06,1789995066000,1,21/09/2026 13:51:06,229051,38,synthetic-g1,,SYN-S1-S1_PRIV_019,S1PUB019,S1_PRIV_019,,complete,SYNTHETIC,,computer,Synthetic desktop,Synthetic OS,Synthetic Browser,1920 x 1080,1440 x 900,,,,Discrimination Task G1,SYNTHETIC,G1,G1,G1,6,Display 1,Screen 1,,,response,10,,,,5671.1,,,5671.1,1,5671.1,,,,Response,,,Display1,disc_10_3_tab20.png,10,tab20,3,baseline,discrimination,How many distinct classes do you see?,10,1
439,1789995073000,21/09/2026 12:51:13,1789995073000,1,21/09/2026 13:51:13,229051,38,synthetic-g1,,SYN-S1-S1_PRIV_019,S1PUB019,S1_PRIV_019,,complete,SYNTHETIC,,computer,Synthetic desktop,Synthetic OS,Synthetic Browser,1920 x 1080,1440 x 900,,,,Discrimination Task G1,SYNTHETIC,G1,G1,G1,7,Display 1,Screen 1,,,response,25,,,,7501.3,,,7501.3,0,7501.3,,,,Response,,,Display1,disc_30_3_tab20sa.png,30,tab20sa,3,sa,discrimination,How many distinct classes do you see?,30,1
440,1789995080000,21/09/2026 12:51:20,1789995080000,1,21/09/2026 13:51:20,229051,38,synthetic-g1,,SYN-S1-S1_PRIV_019,S1PUB019,S1_PRIV_019,,complete,SYNTHETIC,,computer,Synthetic desktop,Synthetic OS,Synthetic Browser,1920 x 1080,1440 x 900,,,,Discrimination Task G1,SYNTHETIC,G1,G1,G1,8,Display 1,Screen 1,,,response,5,,,,3231.4,,,3231.4,1,3231.4,,,,Response,,,Display1,disc_5_2_tab20sa.png,5,tab20sa,2,sa,discrimination,How many distinct classes do you see?,5,1
441,1789995087000,21/09/2026 12:51:27,1789995087000,1,21/09/2026 13:51:27,229051,38,synthetic-g1,,SYN-S1-S1_PRIV_019,S1PUB019,S1_PRIV_019,,complete,SYNTHETIC,,computer,Synthetic desktop,Synthetic OS,Synthetic Browser,1920 x 1080,1440 x 900,,,,Discrimination Task G1,SYNTHETIC,G1,G1,G1,9,Display 1,Screen 1,,,response,5,,,,2491.3,,,2491.3,1,2491.3,,,,Response,,,Display1,disc_5_3_tab20sa.png,5,tab20sa,3,sa,discrimination,How many distinct classes do you see?,5,1
442,1789995094000,21/09/2026 12:51:34,1789995094000,1,21/09/2026 13:51:34,229051,38,synthetic-g1,,SYN-S1-S1_PRIV_019,S1PUB019,S1_PRIV_019,,complete,SYNTHETIC,,computer,Synthetic desktop,Synthetic OS,Synthetic Browser,1920 x 1080,1440 x 900,,,,Discrimination Task G1,SYNTHETIC,G1,G1,G1,10,Display 1,Screen 1,,,response,10,,,,7225.1,,,7225.1,1,7225.1,,,,Response,,,Display1,disc_10_3_tab20sa.png,10,tab20sa,3,sa,discrimination,How many distinct classes do you see?,10,1
443,1789995101000,21/09/2026 12:51:41,1789995101000,1,21/09/2026 13:51:41,229051,38,synthetic-g1,,SYN-S1-S1_PRIV_019,S1PUB019,S1_PRIV_019,,complete,SYNTHETIC,,computer,Synthetic desktop,Synthetic OS,Synthetic Browser,1920 x 1080,1440 x 900,,,,Discrimination Task G1,SYNTHETIC,G1,G1,G1,11,Display 1,Screen 1,,,response,5,,,,4633.7,,,4633.7,1,4633.7,,,,Response,,,Display1,disc_5_1_tab20.png,5,tab20,1,baseline,discrimination,How many distinct classes do you see?,5,1
444,1789995108000,21/09/2026 12:51:48,1789995108000,1,21/09/2026 13:51:48,229051,38,synthetic-g1,,SYN-S1-S1_PRIV_019,S1PUB019,S1_PRIV_019,,complete,SYNTHETIC,,computer,Synthetic desktop,Synthetic OS,Synthetic Browser,1920 x 1080,1440 x 900,,,,Discrimination Task G1,SYNTHETIC,G1,G1,G1,12,Display 1,Screen 1,,,response,5,,,,2240.7,,,2240.7,1,2240.7,,,,Response,,,Display1,disc_5_1_tab20sa.png,5,tab20sa,1,sa,discrimination,How many distinct classes do you see?,5,1
445,1789995115000,21/09/2026 12:51:55,1789995115000,1,21/09/2026 13:51:55,229051,38,synthetic-g1,,SYN-S1-S1_PRIV_019,S1PUB019,S1_PRIV_019,,complete,SYNTHETIC,,computer,Synthetic desktop,Synthetic OS,Synthetic Browser,1920 x 1080,1440 x 900,,,,Discrimination Task G1,SYNTHETIC,G1,G1,G1,13,Display 1,Screen 1,,,response,10,,,,2347.1,,,2347.1,1,2347.1,,,,Response,,,Display1,disc_10_1_tab20.png,10,tab20,1,baseline,discrimination,How many distinct classes do you see?,10,1
446,1789995122000,21/09/2026 12:52:02,1789995122000,1,21/09/2026 13:52:02,229051,38,synthetic-g1,,SYN-S1-S1_PRIV_019,S1PUB019,S1_PRIV_019,,complete,SYNTHETIC,,computer,Synthetic desktop,Synthetic OS,Synthetic Browser,1920 x 1080,1440 x 900,,,,Discrimination Task G1,SYNTHETIC,G1,G1,G1,14,Display 1,Screen 1,,,response,20,,,,8274.9,,,8274.9,1,8274.9,,,,Response,,,Display1,disc_20_1_tab20.png,20,tab20,1,baseline,discrimination,How many distinct classes do you see?,20,1
447,1789995129000,21/09/2026 12:52:09,1789995129000,1,21/09/2026 13:52:09,229051,38,synthetic-g1,,SYN-S1-S1_PRIV_019,S1PUB019,S1_PRIV_019,,complete,SYNTHETIC,,computer,Synthetic desktop,Synthetic OS,Synthetic Browser,1920 x 1080,1440 x 900,,,,Discrimination Task G1,SYNTHETIC,G1,G1,G1,15,Display 1,Screen 1,,,response,10,,,,2974.0,,,2974.0,1,2974.0,,,,Response,,,Display1,disc_10_1_tab20sa.png,10,tab20sa,1,sa,discrimination,How many distinct classes do you see?,10,1
448,1789995136000,21/09/2026 12:52:16,1789995136000,1,21/09/2026 13:52:16,229051,38,synthetic-g1,,SYN-S1-S1_PRIV_019,S1PUB019,S1_PRIV_019,,complete,SYNTHETIC,,computer,Synthetic desktop,Synthetic OS,Synthetic Browser,1920 x 1080,1440 x 900,,,,Discrimination Task G1,SYNTHETIC,G1,G1,G1,16,Display 1,Screen 1,,,response,25,,,,4102.0,,,4102.0,0,4102.0,,,,Response,,,Display1,disc_30_1_tab20.png,30,tab20,1,baseline,discrimination,How many distinct classes do you see?,30,1
449,1789995143000,21/09/2026 12:52:23,1789995143000,1,21/09/2026 13:52:23,229051,38,synthetic-g1,,SYN-S1-S1_PRIV_019,S1PUB019,S1_PRIV_019,,complete,SYNTHETIC,,computer,Synthetic desktop,Synthetic OS,Synthetic Browser,1920 x 1080,1440 x 900,,,,Discrimination Task G1,SYNTHETIC,G1,G1,G1,17,Display 1,Screen 1,,,response,5,,,,2694.7,,,2694.7,1,2694.7,,,,Response,,,Display1,disc_5_2_tab20.png,5,tab20,2,baseline,discrimination,How many distinct classes do you see?,5,1
450,1789995150000,21/09/2026 12:52:30,1789995150000,1,21/09/2026 13:52:30,229051,38,synthetic-g1,,SYN-S1-S1_PRIV_019,S1PUB019,S1_PRIV_019,,complete,SYNTHETIC,,computer,Synthetic desktop,Synthetic OS,Synthetic Browser,1920 x 1080,1440 x 900,,,,Discrimination Task G1,SYNTHETIC,G1,G1,G1,18,Display 1,Screen 1,,,response,10,,,,5306.5,,,5306.5,1,5306.5,,,,Response,,,Display1,disc_10_2_tab20sa.png,10,tab20sa,2,sa,discrimination,How many distinct classes do you see?,10,1
451,1789995157000,21/09/2026 12:52:37,1789995157000,1,21/09/2026 13:52:37,229051,38,synthetic-g1,,SYN-S1-S1_PRIV_019,S1PUB019,S1_PRIV_019,,complete,SYNTHETIC,,computer,Synthetic desktop,Synthetic OS,Synthetic Browser,1920 x 1080,1440 x 900,,,,Discrimination Task G1,SYNTHETIC,G1,G1,G1,19,Display 1,Screen 1,,,response,20,,,,6766.9,,,6766.9,1,6766.9,,,,Response,,,Display1,disc_20_2_tab20.png,20,tab20,2,baseline,discrimination,How many distinct classes do you see?,20,1
452,1789995164000,21/09/2026 12:52:44,1789995164000,1,21/09/2026 13:52:44,229051,38,synthetic-g1,,SYN-S1-S1_PRIV_019,S1PUB019,S1_PRIV_019,,complete,SYNTHETIC,,computer,Synthetic desktop,Synthetic OS,Synthetic Browser,1920 x 1080,1440 x 900,,,,Discrimination Task G1,SYNTHETIC,G1,G1,G1,20,Display 1,Screen 1,,,response,5,,,,2929.3,,,2929.3,1,2929.3,,,,Response,,,Display1,disc_5_3_tab20.png,5,tab20,3,baseline,discrimination,How many distinct classes do you see?,5,1
453,1789995171000,21/09/2026 12:52:51,1789995171000,1,21/09/2026 13:52:51,229051,38,synthetic-g1,,SYN-S1-S1_PRIV_019,S1PUB019,S1_PRIV_019,,complete,SYNTHETIC,,computer,Synthetic desktop,Synthetic OS,Synthetic Browser,1920 x 1080,1440 x 900,,,,Discrimination Task G1,SYNTHETIC,G1,G1,G1,21,Display 1,Screen 1,,,response,30,,,,4444.7,,,4444.7,1,4444.7,,,,Response,,,Display1,disc_30_2_tab20.png,30,tab20,2,baseline,discrimination,How many distinct classes do you see?,30,1
454,1789995178000,21/09/2026 12:52:58,1789995178000,1,21/09/2026 13:52:58,229051,38,synthetic-g1,,SYN-S1-S1_PRIV_019,S1PUB019,S1_PRIV_019,,complete,SYNTHETIC,,computer,Synthetic desktop,Synthetic OS,Synthetic Browser,1920 x 1080,1440 x 900,,,,Discrimination Task G1,SYNTHETIC,G1,G1,G1,22,Display 1,Screen 1,,,response,20,,,,8496.6,,,8496.6,1,8496.6,,,,Response,,,Display1,disc_20_2_tab20sa.png,20,tab20sa,2,sa,discrimination,How many distinct classes do you see?,20,1
455,1789995185000,21/09/2026 12:53:05,1789995185000,1,21/09/2026 13:53:05,229051,38,synthetic-g1,,SYN-S1-S1_PRIV_019,S1PUB019,S1_PRIV_019,,complete,SYNTHETIC,,computer,Synthetic desktop,Synthetic OS,Synthetic Browser,1920 x 1080,1440 x 900,,,,Discrimination Task G1,SYNTHETIC,G1,G1,G1,23,Display 1,Screen 1,,,response,30,,,,10830.3,,,10830.3,1,10830.3,,,,Response,,,Display1,disc_30_3_tab20.png,30,tab20,3,baseline,discrimination,How many distinct classes do you see?,30,1
456,1789995192000,21/09/2026 12:53:12,1789995192000,1,21/09/2026 13:53:12,229051,38,synthetic-g1,,SYN-S1-S1_PRIV_019,S1PUB019,S1_PRIV_019,,complete,SYNTHETIC,,computer,Synthetic desktop,Synthetic OS,Synthetic Browser,1920 x 1080,1440 x 900,,,,Discrimination Task G1,SYNTHETIC,G1,G1,G1,24,Display 1,Screen 1,,,response,20,,,,4723.7,,,4723.7,1,4723.7,,,,Response,,,Display1,disc_20_3_tab20sa.png,20,tab20sa,3,sa,discrimination,How many distinct classes do you see?,20,1
457,1789995199000,21/09/2026 12:53:19,1789995199000,1,21/09/2026 13:53:19,229051,38,synthetic-g1,,SYN-S1-S1_PRIV_020,S1PUB020,S1_PRIV_020,,complete,SYNTHETIC,,computer,Synthetic desktop,Synthetic OS,Synthetic Browser,1920 x 1080,1440 x 900,,,,Discrimination Task G1,SYNTHETIC,G1,G1,G1,1,Display 1,Screen 1,,,response,20,,,,4887.2,,,4887.2,1,4887.2,,,,Response,,,Display1,disc_20_2_tab20.png,20,tab20,2,baseline,discrimination,How many distinct classes do you see?,20,1
458,1789995206000,21/09/2026 12:53:26,1789995206000,1,21/09/2026 13:53:26,229051,38,synthetic-g1,,SYN-S1-S1_PRIV_020,S1PUB020,S1_PRIV_020,,complete,SYNTHETIC,,computer,Synthetic desktop,Synthetic OS,Synthetic Browser,1920 x 1080,1440 x 900,,,,Discrimination Task G1,SYNTHETIC,G1,G1,G1,2,Display 1,Screen 1,,,response,10,,,,5064.7,,,5064.7,1,5064.7,,,,Response,,,Display1,disc_10_1_tab20sa.png,10,tab20sa,1,sa,discrimination,How many distinct classes do you see?,10,1
459,1789995213000,21/09/2026 12:53:33,1789995213000,1,21/09/2026 13:53:33,229051,38,synthetic-g1,,SYN-S1-S1_PRIV_020,S1PUB020,S1_PRIV_020,,complete,SYNTHETIC,,computer,Synthetic desktop,Synthetic OS,Synthetic Browser,1920 x 1080,1440 x 900,,,,Discrimination Task G1,SYNTHETIC,G1,G1,G1,3,Display 1,Screen 1,,,response,5,,,,3605.4,,,3605.4,1,3605.4,,,,Response,,,Display1,disc_5_3_tab20sa.png,5,tab20sa,3,sa,discrimination,How many distinct classes do you see?,5,1
460,1789995220000,21/09/2026 12:53:40,1789995220000,1,21/09/2026 13:53:40,229051,38,synthetic-g1,,SYN-S1-S1_PRIV_020,S1PUB020,S1_PRIV_020,,complete,SYNTHETIC,,computer,Synthetic desktop,Synthetic OS,Synthetic Browser,1920 x 1080,1440 x 900,,,,Discrimination Task G1,SYNTHETIC,G1,G1,G1,4,Display 1,Screen 1,,,response,5,,,,4735.9,,,4735.9,1,4735.9,,,,Response,,,Display1,disc_5_3_tab20.png,5,tab20,3,baseline,discrimination,How many distinct classes do you see?,5,1
461,1789995227000,21/09/2026 12:53:47,1789995227000,1,21/09/2026 13:53:47,229051,38,synthetic-g1,,SYN-S1-S1_PRIV_020,S1PUB020,S1_PRIV_020,,complete,SYNTHETIC,,computer,Synthetic desktop,Synthetic OS,Synthetic Browser,1920 x 1080,1440 x 900,,,,Discrimination Task G1,SYNTHETIC,G1,G1,G1,5,Display 1,Screen 1,,,response,25,,,,8861.7,,,8861.7,0,8861.7,,,,Response,,,Display1,disc_30_1_tab20.png,30,tab20,1,baseline,discrimination,How many distinct classes do you see?,30,1
462,1789995234000,21/09/2026 12:53:54,1789995234000,1,21/09/2026 13:53:54,229051,38,synthetic-g1,,SYN-S1-S1_PRIV_020,S1PUB020,S1_PRIV_020,,complete,SYNTHETIC,,computer,Synthetic desktop,Synthetic OS,Synthetic Browser,1920 x 1080,1440 x 900,,,,Discrimination Task G1,SYNTHETIC,G1,G1,G1,6,Display 1,Screen 1,,,response,10,,,,4131.8,,,4131.8,1,4131.8,,,,Response,,,Display1,disc_10_2_tab20.png,10,tab20,2,baseline,discrimination,How many distinct classes do you see?,10,1
463,1789995241000,21/09/2026 12:54:01,1789995241000,1,21/09/2026 13:54:01,229051,38,synthetic-g1,,SYN-S1-S1_PRIV_020,S1PUB020,S1_PRIV_020,,complete,SYNTHETIC,,computer,Synthetic desktop,Synthetic OS,Synthetic Browser,1920 x 1080,1440 x 900,,,,Discrimination Task G1,SYNTHETIC,G1,G1,G1,7,Display 1,Screen 1,,,response,30,,,,7702.2,,,7702.2,1,7702.2,,,,Response,,,Display1,disc_30_3_tab20sa.png,30,tab20sa,3,sa,discrimination,How many distinct classes do you see?,30,1
464,1789995248000,21/09/2026 12:54:08,1789995248000,1,21/09/2026 13:54:08,229051,38,synthetic-g1,,SYN-S1-S1_PRIV_020,S1PUB020,S1_PRIV_020,,complete,SYNTHETIC,,computer,Synthetic desktop,Synthetic OS,Synthetic Browser,1920 x 1080,1440 x 900,,,,Discrimination Task G1,SYNTHETIC,G1,G1,G1,8,Display 1,Screen 1,,,response,20,,,,11820.9,,,11820.9,1,11820.9,,,,Response,,,Display1,disc_20_3_tab20sa.png,20,tab20sa,3,sa,discrimination,How many distinct classes do you see?,20,1
465,1789995255000,21/09/2026 12:54:15,1789995255000,1,21/09/2026 13:54:15,229051,38,synthetic-g1,,SYN-S1-S1_PRIV_020,S1PUB020,S1_PRIV_020,,complete,SYNTHETIC,,computer,Synthetic desktop,Synthetic OS,Synthetic Browser,1920 x 1080,1440 x 900,,,,Discrimination Task G1,SYNTHETIC,G1,G1,G1,9,Display 1,Screen 1,,,response,10,,,,2420.4,,,2420.4,1,2420.4,,,,Response,,,Display1,disc_10_2_tab20sa.png,10,tab20sa,2,sa,discrimination,How many distinct classes do you see?,10,1
466,1789995262000,21/09/2026 12:54:22,1789995262000,1,21/09/2026 13:54:22,229051,38,synthetic-g1,,SYN-S1-S1_PRIV_020,S1PUB020,S1_PRIV_020,,complete,SYNTHETIC,,computer,Synthetic desktop,Synthetic OS,Synthetic Browser,1920 x 1080,1440 x 900,,,,Discrimination Task G1,SYNTHETIC,G1,G1,G1,10,Display 1,Screen 1,,,response,30,,,,2256.7,,,2256.7,1,2256.7,,,,Response,,,Display1,disc_30_1_tab20sa.png,30,tab20sa,1,sa,discrimination,How many distinct classes do you see?,30,1
467,1789995269000,21/09/2026 12:54:29,1789995269000,1,21/09/2026 13:54:29,229051,38,synthetic-g1,,SYN-S1-S1_PRIV_020,S1PUB020,S1_PRIV_020,,complete,SYNTHETIC,,computer,Synthetic desktop,Synthetic OS,Synthetic Browser,1920 x 1080,1440 x 900,,,,Discrimination Task G1,SYNTHETIC,G1,G1,G1,11,Display 1,Screen 1,,,response,20,,,,3700.4,,,3700.4,1,3700.4,,,,Response,,,Display1,disc_20_1_tab20.png,20,tab20,1,baseline,discrimination,How many distinct classes do you see?,20,1
468,1789995276000,21/09/2026 12:54:36,1789995276000,1,21/09/2026 13:54:36,229051,38,synthetic-g1,,SYN-S1-S1_PRIV_020,S1PUB020,S1_PRIV_020,,complete,SYNTHETIC,,computer,Synthetic desktop,Synthetic OS,Synthetic Browser,1920 x 1080,1440 x 900,,,,Discrimination Task G1,SYNTHETIC,G1,G1,G1,12,Display 1,Screen 1,,,response,5,,,,3231.3,,,3231.3,1,3231.3,,,,Response,,,Display1,disc_5_1_tab20.png,5,tab20,1,baseline,discrimination,How many distinct classes do you see?,5,1
469,1789995283000,21/09/2026 12:54:43,1789995283000,1,21/09/2026 13:54:43,229051,38,synthetic-g1,,SYN-S1-S1_PRIV_020,S1PUB020,S1_PRIV_020,,complete,SYNTHETIC,,computer,Synthetic desktop,Synthetic OS,Synthetic Browser,1920 x 1080,1440 x 900,,,,Discrimination Task G1,SYNTHETIC,G1,G1,G1,13,Display 1,Screen 1,,,response,10,,,,2785.1,,,2785.1,1,2785.1,,,,Response,,,Display1,disc_10_1_tab20.png,10,tab20,1,baseline,discrimination,How many distinct classes do you see?,10,1
470,1789995290000,21/09/2026 12:54:50,1789995290000,1,21/09/2026 13:54:50,229051,38,synthetic-g1,,SYN-S1-S1_PRIV_020,S1PUB020,S1_PRIV_020,,complete,SYNTHETIC,,computer,Synthetic desktop,Synthetic OS,Synthetic Browser,1920 x 1080,1440 x 900,,,,Discrimination Task G1,SYNTHETIC,G1,G1,G1,14,Display 1,Screen 1,,,response,5,,,,1507.0,,,1507.0,1,1507.0,,,,Response,,,Display1,disc_5_2_tab20sa.png,5,tab20sa,2,sa,discrimination,How many distinct classes do you see?,5,1
471,1789995297000,21/09/2026 12:54:57,1789995297000,1,21/09/2026 13:54:57,229051,38,synthetic-g1,,SYN-S1-S1_PRIV_020,S1PUB020,S1_PRIV_020,,complete,SYNTHETIC,,computer,Synthetic desktop,Synthetic OS,Synthetic Browser,1920 x 1080,1440 x 900,,,,Discrimination Task G1,SYNTHETIC,G1,G1,G1,15,Display 1,Screen 1,,,response,5,,,,1810.8,,,1810.8,1,1810.8,,,,Response,,,Display1,disc_5_1_tab20sa.png,5,tab20sa,1,sa,discrimination,How many distinct classes do you see?,5,1
472,1789995304000,21/09/2026 12:55:04,1789995304000,1,21/09/2026 13:55:04,229051,38,synthetic-g1,,SYN-S1-S1_PRIV_020,S1PUB020,S1_PRIV_020,,complete,SYNTHETIC,,computer,Synthetic desktop,Synthetic OS,Synthetic Browser,1920 x 1080,1440 x 900,,,,Discrimination Task G1,SYNTHETIC,G1,G1,G1,16,Display 1,Screen 1,,,response,20,,,,4405.4,,,4405.4,1,4405.4,,,,Response,,,Display1,disc_20_2_tab20sa.png,20,tab20sa,2,sa,discrimination,How many distinct classes do you see?,20,1
473,1789995311000,21/09/2026 12:55:11,1789995311000,1,21/09/2026 13:55:11,229051,38,synthetic-g1,,SYN-S1-S1_PRIV_020,S1PUB020,S1_PRIV_020,,complete,SYNTHETIC,,computer,Synthetic desktop,Synthetic OS,Synthetic Browser,1920 x 1080,1440 x 900,,,,Discrimination Task G1,SYNTHETIC,G1,G1,G1,17,Display 1,Screen 1,,,response,30,,,,13664.9,,,13664.9,1,13664.9,,,,Response,,,Display1,disc_30_2_tab20sa.png,30,tab20sa,2,sa,discrimination,How many distinct classes do you see?,30,1
474,1789995318000,21/09/2026 12:55:18,1789995318000,1,21/09/2026 13:55:18,229051,38,synthetic-g1,,SYN-S1-S1_PRIV_020,S1PUB020,S1_PRIV_020,,complete,SYNTHETIC,,computer,Synthetic desktop,Synthetic OS,Synthetic Browser,1920 x 1080,1440 x 900,,,,Discrimination Task G1,SYNTHETIC,G1,G1,G1,18,Display 1,Screen 1,,,response,20,,,,7616.6,,,7616.6,1,7616.6,,,,Response,,,Display1,disc_20_3_tab20.png,20,tab20,3,baseline,discrimination,How many distinct classes do you see?,20,1
475,1789995325000,21/09/2026 12:55:25,1789995325000,1,21/09/2026 13:55:25,229051,38,synthetic-g1,,SYN-S1-S1_PRIV_020,S1PUB020,S1_PRIV_020,,complete,SYNTHETIC,,computer,Synthetic desktop,Synthetic OS,Synthetic Browser,1920 x 1080,1440 x 900,,,,Discrimination Task G1,SYNTHETIC,G1,G1,G1,19,Display 1,Screen 1,,,response,25,,,,10871.5,,,10871.5,0,10871.5,,,,Response,,,Display1,disc_30_2_tab20.png,30,tab20,2,baseline,discrimination,How many distinct classes do you see?,30,1
476,1789995332000,21/09/2026 12:55:32,1789995332000,1,21/09/2026 13:55:32,229051,38,synthetic-g1,,SYN-S1-S1_PRIV_020,S1PUB020,S1_PRIV_020,,complete,SYNTHETIC,,computer,Synthetic desktop,Synthetic OS,Synthetic Browser,1920 x 1080,1440 x 900,,,,Discrimination Task G1,SYNTHETIC,G1,G1,G1,20,Display 1,Screen 1,,,response,10,,,,5536.1,,,5536.1,1,5536.1,,,,Response,,,Display1,disc_10_3_tab20sa.png,10,tab20sa,3,sa,discrimination,How many distinct classes do you see?,10,1
477,1789995339000,21/09/2026 12:55:39,1789995339000,1,21/09/2026 13:55:39,229051,38,synthetic-g1,,SYN-S1-S1_PRIV_020,S1PUB020,S1_PRIV_020,,complete,SYNTHETIC,,computer,Synthetic desktop,Synthetic OS,Synthetic Browser,1920 x 1080,1440 x 900,,,,Discrimination Task G1,SYNTHETIC,G1,G1,G1,21,Display 1,Screen 1,,,response,5,,,,6495.3,,,6495.3,1,6495.3,,,,Response,,,Display1,disc_5_2_tab20.png,5,tab20,2,baseline,discrimination,How many distinct classes do you see?,5,1
478,1789995346000,21/09/2026 12:55:46,1789995346000,1,21/09/2026 13:55:46,229051,38,synthetic-g1,,SYN-S1-S1_PRIV_020,S1PUB020,S1_PRIV_020,,complete,SYNTHETIC,,computer,Synthetic desktop,Synthetic OS,Synthetic Browser,1920 x 1080,1440 x 900,,,,Discrimination Task G1,SYNTHETIC,G1,G1,G1,22,Display 1,Screen 1,,,response,30,,,,4547.9,,,4547.9,1,4547.9,,,,Response,,,Display1,disc_30_3_tab20.png,30,tab20,3,baseline,discrimination,How many distinct classes do you see?,30,1
479,1789995353000,21/09/2026 12:55:53,1789995353000,1,21/09/2026 13:55:53,229051,38,synthetic-g1,,SYN-S1-S1_PRIV_020,S1PUB020,S1_PRIV_020,,complete,SYNTHETIC,,computer,Synthetic desktop,Synthetic OS,Synthetic Browser,1920 x 1080,1440 x 900,,,,Discrimination Task G1,SYNTHETIC,G1,G1,G1,23,Display 1,Screen 1,,,response,15,,,,9870.4,,,9870.4,0,9870.4,,,,Response,,,Display1,disc_20_1_tab20sa.png,20,tab20sa,1,sa,discrimination,How many distinct classes do you see?,20,1
480,1789995360000,21/09/2026 12:56:00,1789995360000,1,21/09/2026 13:56:00,229051,38,synthetic-g1,,SYN-S1-S1_PRIV_020,S1PUB020,S1_PRIV_020,,complete,SYNTHETIC,,computer,Synthetic desktop,Synthetic OS,Synthetic Browser,1920 x 1080,1440 x 900,,,,Discrimination Task G1,SYNTHETIC,G1,G1,G1,24,Display 1,Screen 1,,,response,10,,,,9626.5,,,9626.5,1,9626.5,,,,Response,,,Display1,disc_10_3_tab20.png,10,tab20,3,baseline,discrimination,How many distinct classes do you see?,10,1
481,1789995367000,21/09/2026 12:56:07,1789995367000,1,21/09/2026 13:56:07,229051,38,synthetic-g1,,SYN-S1-S1_PRIV_021,S1PUB021,S1_PRIV_021,,complete,SYNTHETIC,,computer,Synthetic desktop,Synthetic OS,Synthetic Browser,1920 x 1080,1440 x 900,,,,Discrimination Task G1,SYNTHETIC,G1,G1,G1,1,Display 1,Screen 1,,,response,30,,,,13155.2,,,13155.2,1,13155.2,,,,Response,,,Display1,disc_30_3_tab20sa.png,30,tab20sa,3,sa,discrimination,How many distinct classes do you see?,30,1
482,1789995374000,21/09/2026 12:56:14,1789995374000,1,21/09/2026 13:56:14,229051,38,synthetic-g1,,SYN-S1-S1_PRIV_021,S1PUB021,S1_PRIV_021,,complete,SYNTHETIC,,computer,Synthetic desktop,Synthetic OS,Synthetic Browser,1920 x 1080,1440 x 900,,,,Discrimination Task G1,SYNTHETIC,G1,G1,G1,2,Display 1,Screen 1,,,response,10,,,,5979.0,,,5979.0,1,5979.0,,,,Response,,,Display1,disc_10_3_tab20sa.png,10,tab20sa,3,sa,discrimination,How many distinct classes do you see?,10,1
483,1789995381000,21/09/2026 12:56:21,1789995381000,1,21/09/2026 13:56:21,229051,38,synthetic-g1,,SYN-S1-S1_PRIV_021,S1PUB021,S1_PRIV_021,,complete,SYNTHETIC,,computer,Synthetic desktop,Synthetic OS,Synthetic Browser,1920 x 1080,1440 x 900,,,,Discrimination Task G1,SYNTHETIC,G1,G1,G1,3,Display 1,Screen 1,,,response,20,,,,5760.4,,,5760.4,1,5760.4,,,,Response,,,Display1,disc_20_2_tab20.png,20,tab20,2,baseline,discrimination,How many distinct classes do you see?,20,1
484,1789995388000,21/09/2026 12:56:28,1789995388000,1,21/09/2026 13:56:28,229051,38,synthetic-g1,,SYN-S1-S1_PRIV_021,S1PUB021,S1_PRIV_021,,complete,SYNTHETIC,,computer,Synthetic desktop,Synthetic OS,Synthetic Browser,1920 x 1080,1440 x 900,,,,Discrimination Task G1,SYNTHETIC,G1,G1,G1,4,Display 1,Screen 1,,,response,5,,,,2680.2,,,2680.2,1,2680.2,,,,Response,,,Display1,disc_5_3_tab20sa.png,5,tab20sa,3,sa,discrimination,How many distinct classes do you see?,5,1
485,1789995395000,21/09/2026 12:56:35,1789995395000,1,21/09/2026 13:56:35,229051,38,synthetic-g1,,SYN-S1-S1_PRIV_021,S1PUB021,S1_PRIV_021,,complete,SYNTHETIC,,computer,Synthetic desktop,Synthetic OS,Synthetic Browser,1920 x 1080,1440 x 900,,,,Discrimination Task G1,SYNTHETIC,G1,G1,G1,5,Display 1,Screen 1,,,response,5,,,,4709.7,,,4709.7,1,4709.7,,,,Response,,,Display1,disc_5_3_tab20.png,5,tab20,3,baseline,discrimination,How many distinct classes do you see?,5,1
486,1789995402000,21/09/2026 12:56:42,1789995402000,1,21/09/2026 13:56:42,229051,38,synthetic-g1,,SYN-S1-S1_PRIV_021,S1PUB021,S1_PRIV_021,,complete,SYNTHETIC,,computer,Synthetic desktop,Synthetic OS,Synthetic Browser,1920 x 1080,1440 x 900,,,,Discrimination Task G1,SYNTHETIC,G1,G1,G1,6,Display 1,Screen 1,,,response,20,,,,7228.7,,,7228.7,1,7228.7,,,,Response,,,Display1,disc_20_3_tab20.png,20,tab20,3,baseline,discrimination,How many distinct classes do you see?,20,1
487,1789995409000,21/09/2026 12:56:49,1789995409000,1,21/09/2026 13:56:49,229051,38,synthetic-g1,,SYN-S1-S1_PRIV_021,S1PUB021,S1_PRIV_021,,complete,SYNTHETIC,,computer,Synthetic desktop,Synthetic OS,Synthetic Browser,1920 x 1080,1440 x 900,,,,Discrimination Task G1,SYNTHETIC,G1,G1,G1,7,Display 1,Screen 1,,,response,5,,,,6872.0,,,6872.0,1,6872.0,,,,Response,,,Display1,disc_5_2_tab20sa.png,5,tab20sa,2,sa,discrimination,How many distinct classes do you see?,5,1
488,1789995416000,21/09/2026 12:56:56,1789995416000,1,21/09/2026 13:56:56,229051,38,synthetic-g1,,SYN-S1-S1_PRIV_021,S1PUB021,S1_PRIV_021,,complete,SYNTHETIC,,computer,Synthetic desktop,Synthetic OS,Synthetic Browser,1920 x 1080,1440 x 900,,,,Discrimination Task G1,SYNTHETIC,G1,G1,G1,8,Display 1,Screen 1,,,response,15,,,,4160.5,,,4160.5,0,4160.5,,,,Response,,,Display1,disc_10_3_tab20.png,10,tab20,3,baseline,discrimination,How many distinct classes do you see?,10,1
489,1789995423000,21/09/2026 12:57:03,1789995423000,1,21/09/2026 13:57:03,229051,38,synthetic-g1,,SYN-S1-S1_PRIV_021,S1PUB021,S1_PRIV_021,,complete,SYNTHETIC,,computer,Synthetic desktop,Synthetic OS,Synthetic Browser,1920 x 1080,1440 x 900,,,,Discrimination Task G1,SYNTHETIC,G1,G1,G1,9,Display 1,Screen 1,,,response,30,,,,18731.5,,,18731.5,1,18731.5,,,,Response,,,Display1,disc_30_2_tab20.png,30,tab20,2,baseline,discrimination,How many distinct classes do you see?,30,1
490,1789995430000,21/09/2026 12:57:10,1789995430000,1,21/09/2026 13:57:10,229051,38,synthetic-g1,,SYN-S1-S1_PRIV_021,S1PUB021,S1_PRIV_021,,complete,SYNTHETIC,,computer,Synthetic desktop,Synthetic OS,Synthetic Browser,1920 x 1080,1440 x 900,,,,Discrimination Task G1,SYNTHETIC,G1,G1,G1,10,Display 1,Screen 1,,,response,5,,,,6562.5,,,6562.5,1,6562.5,,,,Response,,,Display1,disc_5_2_tab20.png,5,tab20,2,baseline,discrimination,How many distinct classes do you see?,5,1
491,1789995437000,21/09/2026 12:57:17,1789995437000,1,21/09/2026 13:57:17,229051,38,synthetic-g1,,SYN-S1-S1_PRIV_021,S1PUB021,S1_PRIV_021,,complete,SYNTHETIC,,computer,Synthetic desktop,Synthetic OS,Synthetic Browser,1920 x 1080,1440 x 900,,,,Discrimination Task G1,SYNTHETIC,G1,G1,G1,11,Display 1,Screen 1,,,response,30,,,,4555.9,,,4555.9,1,4555.9,,,,Response,,,Display1,disc_30_1_tab20.png,30,tab20,1,baseline,discrimination,How many distinct classes do you see?,30,1
492,1789995444000,21/09/2026 12:57:24,1789995444000,1,21/09/2026 13:57:24,229051,38,synthetic-g1,,SYN-S1-S1_PRIV_021,S1PUB021,S1_PRIV_021,,complete,SYNTHETIC,,computer,Synthetic desktop,Synthetic OS,Synthetic Browser,1920 x 1080,1440 x 900,,,,Discrimination Task G1,SYNTHETIC,G1,G1,G1,12,Display 1,Screen 1,,,response,20,,,,3889.4,,,3889.4,1,3889.4,,,,Response,,,Display1,disc_20_2_tab20sa.png,20,tab20sa,2,sa,discrimination,How many distinct classes do you see?,20,1
493,1789995451000,21/09/2026 12:57:31,1789995451000,1,21/09/2026 13:57:31,229051,38,synthetic-g1,,SYN-S1-S1_PRIV_021,S1PUB021,S1_PRIV_021,,complete,SYNTHETIC,,computer,Synthetic desktop,Synthetic OS,Synthetic Browser,1920 x 1080,1440 x 900,,,,Discrimination Task G1,SYNTHETIC,G1,G1,G1,13,Display 1,Screen 1,,,response,20,,,,4772.4,,,4772.4,1,4772.4,,,,Response,,,Display1,disc_20_1_tab20.png,20,tab20,1,baseline,discrimination,How many distinct classes do you see?,20,1
494,1789995458000,21/09/2026 12:57:38,1789995458000,1,21/09/2026 13:57:38,229051,38,synthetic-g1,,SYN-S1-S1_PRIV_021,S1PUB021,S1_PRIV_021,,complete,SYNTHETIC,,computer,Synthetic desktop,Synthetic OS,Synthetic Browser,1920 x 1080,1440 x 900,,,,Discrimination Task G1,SYNTHETIC,G1,G1,G1,14,Display 1,Screen 1,,,response,25,,,,11674.6,,,11674.6,0,11674.6,,,,Response,,,Display1,disc_30_3_tab20.png,30,tab20,3,baseline,discrimination,How many distinct classes do you see?,30,1
495,1789995465000,21/09/2026 12:57:45,1789995465000,1,21/09/2026 13:57:45,229051,38,synthetic-g1,,SYN-S1-S1_PRIV_021,S1PUB021,S1_PRIV_021,,complete,SYNTHETIC,,computer,Synthetic desktop,Synthetic OS,Synthetic Browser,1920 x 1080,1440 x 900,,,,Discrimination Task G1,SYNTHETIC,G1,G1,G1,15,Display 1,Screen 1,,,response,20,,,,5983.0,,,5983.0,1,5983.0,,,,Response,,,Display1,disc_20_3_tab20sa.png,20,tab20sa,3,sa,discrimination,How many distinct classes do you see?,20,1
496,1789995472000,21/09/2026 12:57:52,1789995472000,1,21/09/2026 13:57:52,229051,38,synthetic-g1,,SYN-S1-S1_PRIV_021,S1PUB021,S1_PRIV_021,,complete,SYNTHETIC,,computer,Synthetic desktop,Synthetic OS,Synthetic Browser,1920 x 1080,1440 x 900,,,,Discrimination Task G1,SYNTHETIC,G1,G1,G1,16,Display 1,Screen 1,,,response,10,,,,3438.7,,,3438.7,1,3438.7,,,,Response,,,Display1,disc_10_1_tab20.png,10,tab20,1,baseline,discrimination,How many distinct classes do you see?,10,1
497,1789995479000,21/09/2026 12:57:59,1789995479000,1,21/09/2026 13:57:59,229051,38,synthetic-g1,,SYN-S1-S1_PRIV_021,S1PUB021,S1_PRIV_021,,complete,SYNTHETIC,,computer,Synthetic desktop,Synthetic OS,Synthetic Browser,1920 x 1080,1440 x 900,,,,Discrimination Task G1,SYNTHETIC,G1,G1,G1,17,Display 1,Screen 1,,,response,10,,,,3067.5,,,3067.5,1,3067.5,,,,Response,,,Display1,disc_10_2_tab20sa.png,10,tab20sa,2,sa,discrimination,How many distinct classes do you see?,10,1
498,1789995486000,21/09/2026 12:58:06,1789995486000,1,21/09/2026 13:58:06,229051,38,synthetic-g1,,SYN-S1-S1_PRIV_021,S1PUB021,S1_PRIV_021,,complete,SYNTHETIC,,computer,Synthetic desktop,Synthetic OS,Synthetic Browser,1920 x 1080,1440 x 900,,,,Discrimination Task G1,SYNTHETIC,G1,G1,G1,18,Display 1,Screen 1,,,response,5,,,,2769.0,,,2769.0,1,2769.0,,,,Response,,,Display1,disc_5_1_tab20.png,5,tab20,1,baseline,discrimination,How many distinct classes do you see?,5,1
499,1789995493000,21/09/2026 12:58:13,1789995493000,1,21/09/2026 13:58:13,229051,38,synthetic-g1,,SYN-S1-S1_PRIV_021,S1PUB021,S1_PRIV_021,,complete,SYNTHETIC,,computer,Synthetic desktop,Synthetic OS,Synthetic Browser,1920 x 1080,1440 x 900,,,,Discrimination Task G1,SYNTHETIC,G1,G1,G1,19,Display 1,Screen 1,,,response,30,,,,6432.7,,,6432.7,1,6432.7,,,,Response,,,Display1,disc_30_2_tab20sa.png,30,tab20sa,2,sa,discrimination,How many distinct classes do you see?,30,1
500,1789995500000,21/09/2026 12:58:20,1789995500000,1,21/09/2026 13:58:20,229051,38,synthetic-g1,,SYN-S1-S1_PRIV_021,S1PUB021,S1_PRIV_021,,complete,SYNTHETIC,,computer,Synthetic desktop,Synthetic OS,Synthetic Browser,1920 x 1080,1440 x 900,,,,Discrimination Task G1,SYNTHETIC,G1,G1,G1,20,Display 1,Screen 1,,,response,10,,,,6788.0,,,6788.0,1,6788.0,,,,Response,,,Display1,disc_10_2_tab20.png,10,tab20,2,baseline,discrimination,How many distinct classes do you see?,10,1
501,1789995507000,21/09/2026 12:58:27,1789995507000,1,21/09/2026 13:58:27,229051,38,synthetic-g1,,SYN-S1-S1_PRIV_021,S1PUB021,S1_PRIV_021,,complete,SYNTHETIC,,computer,Synthetic desktop,Synthetic OS,Synthetic Browser,1920 x 1080,1440 x 900,,,,Discrimination Task G1,SYNTHETIC,G1,G1,G1,21,Display 1,Screen 1,,,response,5,,,,4536.6,,,4536.6,1,4536.6,,,,Response,,,Display1,disc_5_1_tab20sa.png,5,tab20sa,1,sa,discrimination,How many distinct classes do you see?,5,1
502,1789995514000,21/09/2026 12:58:34,1789995514000,1,21/09/2026 13:58:34,229051,38,synthetic-g1,,SYN-S1-S1_PRIV_021,S1PUB021,S1_PRIV_021,,complete,SYNTHETIC,,computer,Synthetic desktop,Synthetic OS,Synthetic Browser,1920 x 1080,1440 x 900,,,,Discrimination Task G1,SYNTHETIC,G1,G1,G1,22,Display 1,Screen 1,,,response,25,,,,4807.1,,,4807.1,0,4807.1,,,,Response,,,Display1,disc_30_1_tab20sa.png,30,tab20sa,1,sa,discrimination,How many distinct classes do you see?,30,1
503,1789995521000,21/09/2026 12:58:41,1789995521000,1,21/09/2026 13:58:41,229051,38,synthetic-g1,,SYN-S1-S1_PRIV_021,S1PUB021,S1_PRIV_021,,complete,SYNTHETIC,,computer,Synthetic desktop,Synthetic OS,Synthetic Browser,1920 x 1080,1440 x 900,,,,Discrimination Task G1,SYNTHETIC,G1,G1,G1,23,Display 1,Screen 1,,,response,10,,,,2080.9,,,2080.9,1,2080.9,,,,Response,,,Display1,disc_10_1_tab20sa.png,10,tab20sa,1,sa,discrimination,How many distinct classes do you see?,10,1
504,1789995528000,21/09/2026 12:58:48,1789995528000,1,21/09/2026 13:58:48,229051,38,synthetic-g1,,SYN-S1-S1_PRIV_021,S1PUB021,S1_PRIV_021,,complete,SYNTHETIC,,computer,Synthetic desktop,Synthetic OS,Synthetic Browser,1920 x 1080,1440 x 900,,,,Discrimination Task G1,SYNTHETIC,G1,G1,G1,24,Display 1,Screen 1,,,response,20,,,,3502.3,,,3502.3,1,3502.3,,,,Response,,,Display1,disc_20_1_tab20sa.png,20,tab20sa,1,sa,discrimination,How many distinct classes do you see?,20,1
505,1789995535000,21/09/2026 12:58:55,1789995535000,1,21/09/2026 13:58:55,229051,38,synthetic-g1,,SYN-S1-S1_PRIV_022,S1PUB022,S1_PRIV_022,,complete,SYNTHETIC,,computer,Synthetic desktop,Synthetic OS,Synthetic Browser,1920 x 1080,1440 x 900,,,,Discrimination Task G1,SYNTHETIC,G1,G1,G1,1,Display 1,Screen 1,,,response,5,,,,5144.1,,,5144.1,1,5144.1,,,,Response,,,Display1,disc_5_2_tab20.png,5,tab20,2,baseline,discrimination,How many distinct classes do you see?,5,1
506,1789995542000,21/09/2026 12:59:02,1789995542000,1,21/09/2026 13:59:02,229051,38,synthetic-g1,,SYN-S1-S1_PRIV_022,S1PUB022,S1_PRIV_022,,complete,SYNTHETIC,,computer,Synthetic desktop,Synthetic OS,Synthetic Browser,1920 x 1080,1440 x 900,,,,Discrimination Task G1,SYNTHETIC,G1,G1,G1,2,Display 1,Screen 1,,,response,5,,,,9922.0,,,9922.0,1,9922.0,,,,Response,,,Display1,disc_5_3_tab20sa.png,5,tab20sa,3,sa,discrimination,How many distinct classes do you see?,5,1
507,1789995549000,21/09/2026 12:59:09,1789995549000,1,21/09/2026 13:59:09,229051,38,synthetic-g1,,SYN-S1-S1_PRIV_022,S1PUB022,S1_PRIV_022,,complete,SYNTHETIC,,computer,Synthetic desktop,Synthetic OS,Synthetic Browser,1920 x 1080,1440 x 900,,,,Discrimination Task G1,SYNTHETIC,G1,G1,G1,3,Display 1,Screen 1,,,response,5,,,,3400.3,,,3400.3,1,3400.3,,,,Response,,,Display1,disc_5_2_tab20sa.png,5,tab20sa,2,sa,discrimination,How many distinct classes do you see?,5,1
508,1789995556000,21/09/2026 12:59:16,1789995556000,1,21/09/2026 13:59:16,229051,38,synthetic-g1,,SYN-S1-S1_PRIV_022,S1PUB022,S1_PRIV_022,,complete,SYNTHETIC,,computer,Synthetic desktop,Synthetic OS,Synthetic Browser,1920 x 1080,1440 x 900,,,,Discrimination Task G1,SYNTHETIC,G1,G1,G1,4,Display 1,Screen 1,,,response,30,,,,7349.1,,,7349.1,1,7349.1,,,,Response,,,Display1,disc_30_3_tab20sa.png,30,tab20sa,3,sa,discrimination,How many distinct classes do you see?,30,1
509,1789995563000,21/09/2026 12:59:23,1789995563000,1,21/09/2026 13:59:23,229051,38,synthetic-g1,,SYN-S1-S1_PRIV_022,S1PUB022,S1_PRIV_022,,complete,SYNTHETIC,,computer,Synthetic desktop,Synthetic OS,Synthetic Browser,1920 x 1080,1440 x 900,,,,Discrimination Task G1,SYNTHETIC,G1,G1,G1,5,Display 1,Screen 1,,,response,25,,,,5823.5,,,5823.5,0,5823.5,,,,Response,,,Display1,disc_20_2_tab20.png,20,tab20,2,baseline,discrimination,How many distinct classes do you see?,20,1
510,1789995570000,21/09/2026 12:59:30,1789995570000,1,21/09/2026 13:59:30,229051,38,synthetic-g1,,SYN-S1-S1_PRIV_022,S1PUB022,S1_PRIV_022,,complete,SYNTHETIC,,computer,Synthetic desktop,Synthetic OS,Synthetic Browser,1920 x 1080,1440 x 900,,,,Discrimination Task G1,SYNTHETIC,G1,G1,G1,6,Display 1,Screen 1,,,response,10,,,,5570.2,,,5570.2,1,5570.2,,,,Response,,,Display1,disc_10_3_tab20sa.png,10,tab20sa,3,sa,discrimination,How many distinct classes do you see?,10,1
511,1789995577000,21/09/2026 12:59:37,1789995577000,1,21/09/2026 13:59:37,229051,38,synthetic-g1,,SYN-S1-S1_PRIV_022,S1PUB022,S1_PRIV_022,,complete,SYNTHETIC,,computer,Synthetic desktop,Synthetic OS,Synthetic Browser,1920 x 1080,1440 x 900,,,,Discrimination Task G1,SYNTHETIC,G1,G1,G1,7,Display 1,Screen 1,,,response,20,,,,5028.4,,,5028.4,1,5028.4,,,,Response,,,Display1,disc_20_1_tab20.png,20,tab20,1,baseline,discrimination,How many distinct classes do you see?,20,1
512,1789995584000,21/09/2026 12:59:44,1789995584000,1,21/09/2026 13:59:44,229051,38,synthetic-g1,,SYN-S1-S1_PRIV_022,S1PUB022,S1_PRIV_022,,complete,SYNTHETIC,,computer,Synthetic desktop,Synthetic OS,Synthetic Browser,1920 x 1080,1440 x 900,,,,Discrimination Task G1,SYNTHETIC,G1,G1,G1,8,Display 1,Screen 1,,,response,10,,,,5429.2,,,5429.2,1,5429.2,,,,Response,,,Display1,disc_10_2_tab20.png,10,tab20,2,baseline,discrimination,How many distinct classes do you see?,10,1
513,1789995591000,21/09/2026 12:59:51,1789995591000,1,21/09/2026 13:59:51,229051,38,synthetic-g1,,SYN-S1-S1_PRIV_022,S1PUB022,S1_PRIV_022,,complete,SYNTHETIC,,computer,Synthetic desktop,Synthetic OS,Synthetic Browser,1920 x 1080,1440 x 900,,,,Discrimination Task G1,SYNTHETIC,G1,G1,G1,9,Display 1,Screen 1,,,response,30,,,,9487.4,,,9487.4,1,9487.4,,,,Response,,,Display1,disc_30_3_tab20.png,30,tab20,3,baseline,discrimination,How many distinct classes do you see?,30,1
514,1789995598000,21/09/2026 12:59:58,1789995598000,1,21/09/2026 13:59:58,229051,38,synthetic-g1,,SYN-S1-S1_PRIV_022,S1PUB022,S1_PRIV_022,,complete,SYNTHETIC,,computer,Synthetic desktop,Synthetic OS,Synthetic Browser,1920 x 1080,1440 x 900,,,,Discrimination Task G1,SYNTHETIC,G1,G1,G1,10,Display 1,Screen 1,,,response,10,,,,4167.7,,,4167.7,1,4167.7,,,,Response,,,Display1,disc_10_1_tab20.png,10,tab20,1,baseline,discrimination,How many distinct classes do you see?,10,1
515,1789995605000,21/09/2026 13:00:05,1789995605000,1,21/09/2026 14:00:05,229051,38,synthetic-g1,,SYN-S1-S1_PRIV_022,S1PUB022,S1_PRIV_022,,complete,SYNTHETIC,,computer,Synthetic desktop,Synthetic OS,Synthetic Browser,1920 x 1080,1440 x 900,,,,Discrimination Task G1,SYNTHETIC,G1,G1,G1,11,Display 1,Screen 1,,,response,20,,,,5279.3,,,5279.3,1,5279.3,,,,Response,,,Display1,disc_20_2_tab20sa.png,20,tab20sa,2,sa,discrimination,How many distinct classes do you see?,20,1
516,1789995612000,21/09/2026 13:00:12,1789995612000,1,21/09/2026 14:00:12,229051,38,synthetic-g1,,SYN-S1-S1_PRIV_022,S1PUB022,S1_PRIV_022,,complete,SYNTHETIC,,computer,Synthetic desktop,Synthetic OS,Synthetic Browser,1920 x 1080,1440 x 900,,,,Discrimination Task G1,SYNTHETIC,G1,G1,G1,12,Display 1,Screen 1,,,response,25,,,,7669.0,,,7669.0,0,7669.0,,,,Response,,,Display1,disc_30_2_tab20.png,30,tab20,2,baseline,discrimination,How many distinct classes do you see?,30,1
517,1789995619000,21/09/2026 13:00:19,1789995619000,1,21/09/2026 14:00:19,229051,38,synthetic-g1,,SYN-S1-S1_PRIV_022,S1PUB022,S1_PRIV_022,,complete,SYNTHETIC,,computer,Synthetic desktop,Synthetic OS,Synthetic Browser,1920 x 1080,1440 x 900,,,,Discrimination Task G1,SYNTHETIC,G1,G1,G1,13,Display 1,Screen 1,,,response,5,,,,8393.6,,,8393.6,1,8393.6,,,,Response,,,Display1,disc_5_1_tab20sa.png,5,tab20sa,1,sa,discrimination,How many distinct classes do you see?,5,1
518,1789995626000,21/09/2026 13:00:26,1789995626000,1,21/09/2026 14:00:26,229051,38,synthetic-g1,,SYN-S1-S1_PRIV_022,S1PUB022,S1_PRIV_022,,complete,SYNTHETIC,,computer,Synthetic desktop,Synthetic OS,Synthetic Browser,1920 x 1080,1440 x 900,,,,Discrimination Task G1,SYNTHETIC,G1,G1,G1,14,Display 1,Screen 1,,,response,25,,,,3964.6,,,3964.6,0,3964.6,,,,Response,,,Display1,disc_30_1_tab20sa.png,30,tab20sa,1,sa,discrimination,How many distinct classes do you see?,30,1
519,1789995633000,21/09/2026 13:00:33,1789995633000,1,21/09/2026 14:00:33,229051,38,synthetic-g1,,SYN-S1-S1_PRIV_022,S1PUB022,S1_PRIV_022,,complete,SYNTHETIC,,computer,Synthetic desktop,Synthetic OS,Synthetic Browser,1920 x 1080,1440 x 900,,,,Discrimination Task G1,SYNTHETIC,G1,G1,G1,15,Display 1,Screen 1,,,response,30,,,,6386.7,,,6386.7,1,6386.7,,,,Response,,,Display1,disc_30_2_tab20sa.png,30,tab20sa,2,sa,discrimination,How many distinct classes do you see?,30,1
520,1789995640000,21/09/2026 13:00:40,1789995640000,1,21/09/2026 14:00:40,229051,38,synthetic-g1,,SYN-S1-S1_PRIV_022,S1PUB022,S1_PRIV_022,,complete,SYNTHETIC,,computer,Synthetic desktop,Synthetic OS,Synthetic Browser,1920 x 1080,1440 x 900,,,,Discrimination Task G1,SYNTHETIC,G1,G1,G1,16,Display 1,Screen 1,,,response,10,,,,3305.9,,,3305.9,1,3305.9,,,,Response,,,Display1,disc_10_1_tab20sa.png,10,tab20sa,1,sa,discrimination,How many distinct classes do you see?,10,1
521,1789995647000,21/09/2026 13:00:47,1789995647000,1,21/09/2026 14:00:47,229051,38,synthetic-g1,,SYN-S1-S1_PRIV_022,S1PUB022,S1_PRIV_022,,complete,SYNTHETIC,,computer,Synthetic desktop,Synthetic OS,Synthetic Browser,1920 x 1080,1440 x 900,,,,Discrimination Task G1,SYNTHETIC,G1,G1,G1,17,Display 1,Screen 1,,,response,10,,,,5502.9,,,5502.9,1,5502.9,,,,Response,,,Display1,disc_10_3_tab20.png,10,tab20,3,baseline,discrimination,How many distinct classes do you see?,10,1
522,1789995654000,21/09/2026 13:00:54,1789995654000,1,21/09/2026 14:00:54,229051,38,synthetic-g1,,SYN-S1-S1_PRIV_022,S1PUB022,S1_PRIV_022,,complete,SYNTHETIC,,computer,Synthetic desktop,Synthetic OS,Synthetic Browser,1920 x 1080,1440 x 900,,,,Discrimination Task G1,SYNTHETIC,G1,G1,G1,18,Display 1,Screen 1,,,response,30,,,,3953.5,,,3953.5,1,3953.5,,,,Response,,,Display1,disc_30_1_tab20.png,30,tab20,1,baseline,discrimination,How many distinct classes do you see?,30,1
523,1789995661000,21/09/2026 13:01:01,1789995661000,1,21/09/2026 14:01:01,229051,38,synthetic-g1,,SYN-S1-S1_PRIV_022,S1PUB022,S1_PRIV_022,,complete,SYNTHETIC,,computer,Synthetic desktop,Synthetic OS,Synthetic Browser,1920 x 1080,1440 x 900,,,,Discrimination Task G1,SYNTHETIC,G1,G1,G1,19,Display 1,Screen 1,,,response,20,,,,5231.1,,,5231.1,1,5231.1,,,,Response,,,Display1,disc_20_3_tab20.png,20,tab20,3,baseline,discrimination,How many distinct classes do you see?,20,1
524,1789995668000,21/09/2026 13:01:08,1789995668000,1,21/09/2026 14:01:08,229051,38,synthetic-g1,,SYN-S1-S1_PRIV_022,S1PUB022,S1_PRIV_022,,complete,SYNTHETIC,,computer,Synthetic desktop,Synthetic OS,Synthetic Browser,1920 x 1080,1440 x 900,,,,Discrimination Task G1,SYNTHETIC,G1,G1,G1,20,Display 1,Screen 1,,,response,20,,,,7083.6,,,7083.6,1,7083.6,,,,Response,,,Display1,disc_20_1_tab20sa.png,20,tab20sa,1,sa,discrimination,How many distinct classes do you see?,20,1
525,1789995675000,21/09/2026 13:01:15,1789995675000,1,21/09/2026 14:01:15,229051,38,synthetic-g1,,SYN-S1-S1_PRIV_022,S1PUB022,S1_PRIV_022,,complete,SYNTHETIC,,computer,Synthetic desktop,Synthetic OS,Synthetic Browser,1920 x 1080,1440 x 900,,,,Discrimination Task G1,SYNTHETIC,G1,G1,G1,21,Display 1,Screen 1,,,response,20,,,,6759.0,,,6759.0,1,6759.0,,,,Response,,,Display1,disc_20_3_tab20sa.png,20,tab20sa,3,sa,discrimination,How many distinct classes do you see?,20,1
526,1789995682000,21/09/2026 13:01:22,1789995682000,1,21/09/2026 14:01:22,229051,38,synthetic-g1,,SYN-S1-S1_PRIV_022,S1PUB022,S1_PRIV_022,,complete,SYNTHETIC,,computer,Synthetic desktop,Synthetic OS,Synthetic Browser,1920 x 1080,1440 x 900,,,,Discrimination Task G1,SYNTHETIC,G1,G1,G1,22,Display 1,Screen 1,,,response,5,,,,8131.8,,,8131.8,1,8131.8,,,,Response,,,Display1,disc_5_3_tab20.png,5,tab20,3,baseline,discrimination,How many distinct classes do you see?,5,1
527,1789995689000,21/09/2026 13:01:29,1789995689000,1,21/09/2026 14:01:29,229051,38,synthetic-g1,,SYN-S1-S1_PRIV_022,S1PUB022,S1_PRIV_022,,complete,SYNTHETIC,,computer,Synthetic desktop,Synthetic OS,Synthetic Browser,1920 x 1080,1440 x 900,,,,Discrimination Task G1,SYNTHETIC,G1,G1,G1,23,Display 1,Screen 1,,,response,10,,,,6197.9,,,6197.9,1,6197.9,,,,Response,,,Display1,disc_10_2_tab20sa.png,10,tab20sa,2,sa,discrimination,How many distinct classes do you see?,10,1
528,1789995696000,21/09/2026 13:01:36,1789995696000,1,21/09/2026 14:01:36,229051,38,synthetic-g1,,SYN-S1-S1_PRIV_022,S1PUB022,S1_PRIV_022,,complete,SYNTHETIC,,computer,Synthetic desktop,Synthetic OS,Synthetic Browser,1920 x 1080,1440 x 900,,,,Discrimination Task G1,SYNTHETIC,G1,G1,G1,24,Display 1,Screen 1,,,response,10,,,,2907.1,,,2907.1,0,2907.1,,,,Response,,,Display1,disc_5_1_tab20.png,5,tab20,1,baseline,discrimination,How many distinct classes do you see?,5,1
529,1789995703000,21/09/2026 13:01:43,1789995703000,1,21/09/2026 14:01:43,229051,38,synthetic-g1,,SYN-S1-S1_PRIV_023,S1PUB023,S1_PRIV_023,,complete,SYNTHETIC,,computer,Synthetic desktop,Synthetic OS,Synthetic Browser,1920 x 1080,1440 x 900,,,,Discrimination Task G1,SYNTHETIC,G1,G1,G1,1,Display 1,Screen 1,,,response,30,,,,5870.0,,,5870.0,1,5870.0,,,,Response,,,Display1,disc_30_3_tab20sa.png,30,tab20sa,3,sa,discrimination,How many distinct classes do you see?,30,1
530,1789995710000,21/09/2026 13:01:50,1789995710000,1,21/09/2026 14:01:50,229051,38,synthetic-g1,,SYN-S1-S1_PRIV_023,S1PUB023,S1_PRIV_023,,complete,SYNTHETIC,,computer,Synthetic desktop,Synthetic OS,Synthetic Browser,1920 x 1080,1440 x 900,,,,Discrimination Task G1,SYNTHETIC,G1,G1,G1,2,Display 1,Screen 1,,,response,20,,,,6140.2,,,6140.2,1,6140.2,,,,Response,,,Display1,disc_20_1_tab20.png,20,tab20,1,baseline,discrimination,How many distinct classes do you see?,20,1
531,1789995717000,21/09/2026 13:01:57,1789995717000,1,21/09/2026 14:01:57,229051,38,synthetic-g1,,SYN-S1-S1_PRIV_023,S1PUB023,S1_PRIV_023,,complete,SYNTHETIC,,computer,Synthetic desktop,Synthetic OS,Synthetic Browser,1920 x 1080,1440 x 900,,,,Discrimination Task G1,SYNTHETIC,G1,G1,G1,3,Display 1,Screen 1,,,response,30,,,,5497.3,,,5497.3,1,5497.3,,,,Response,,,Display1,disc_30_1_tab20sa.png,30,tab20sa,1,sa,discrimination,How many distinct classes do you see?,30,1
532,1789995724000,21/09/2026 13:02:04,1789995724000,1,21/09/2026 14:02:04,229051,38,synthetic-g1,,SYN-S1-S1_PRIV_023,S1PUB023,S1_PRIV_023,,complete,SYNTHETIC,,computer,Synthetic desktop,Synthetic OS,Synthetic Browser,1920 x 1080,1440 x 900,,,,Discrimination Task G1,SYNTHETIC,G1,G1,G1,4,Display 1,Screen 1,,,response,5,,,,5350.2,,,5350.2,1,5350.2,,,,Response,,,Display1,disc_5_2_tab20.png,5,tab20,2,baseline,discrimination,How many distinct classes do you see?,5,1
533,1789995731000,21/09/2026 13:02:11,1789995731000,1,21/09/2026 14:02:11,229051,38,synthetic-g1,,SYN-S1-S1_PRIV_023,S1PUB023,S1_PRIV_023,,complete,SYNTHETIC,,computer,Synthetic desktop,Synthetic OS,Synthetic Browser,1920 x 1080,1440 x 900,,,,Discrimination Task G1,SYNTHETIC,G1,G1,G1,5,Display 1,Screen 1,,,response,5,,,,3743.0,,,3743.0,1,3743.0,,,,Response,,,Display1,disc_5_3_tab20.png,5,tab20,3,baseline,discrimination,How many distinct classes do you see?,5,1
534,1789995738000,21/09/2026 13:02:18,1789995738000,1,21/09/2026 14:02:18,229051,38,synthetic-g1,,SYN-S1-S1_PRIV_023,S1PUB023,S1_PRIV_023,,complete,SYNTHETIC,,computer,Synthetic desktop,Synthetic OS,Synthetic Browser,1920 x 1080,1440 x 900,,,,Discrimination Task G1,SYNTHETIC,G1,G1,G1,6,Display 1,Screen 1,,,response,30,,,,3532.0,,,3532.0,1,3532.0,,,,Response,,,Display1,disc_30_2_tab20sa.png,30,tab20sa,2,sa,discrimination,How many distinct classes do you see?,30,1
535,1789995745000,21/09/2026 13:02:25,1789995745000,1,21/09/2026 14:02:25,229051,38,synthetic-g1,,SYN-S1-S1_PRIV_023,S1PUB023,S1_PRIV_023,,complete,SYNTHETIC,,computer,Synthetic desktop,Synthetic OS,Synthetic Browser,1920 x 1080,1440 x 900,,,,Discrimination Task G1,SYNTHETIC,G1,G1,G1,7,Display 1,Screen 1,,,response,10,,,,2929.4,,,2929.4,1,2929.4,,,,Response,,,Display1,disc_10_2_tab20sa.png,10,tab20sa,2,sa,discrimination,How many distinct classes do you see?,10,1
536,1789995752000,21/09/2026 13:02:32,1789995752000,1,21/09/2026 14:02:32,229051,38,synthetic-g1,,SYN-S1-S1_PRIV_023,S1PUB023,S1_PRIV_023,,complete,SYNTHETIC,,computer,Synthetic desktop,Synthetic OS,Synthetic Browser,1920 x 1080,1440 x 900,,,,Discrimination Task G1,SYNTHETIC,G1,G1,G1,8,Display 1,Screen 1,,,response,30,,,,4123.5,,,4123.5,1,4123.5,,,,Response,,,Display1,disc_30_1_tab20.png,30,tab20,1,baseline,discrimination,How many distinct classes do you see?,30,1
537,1789995759000,21/09/2026 13:02:39,1789995759000,1,21/09/2026 14:02:39,229051,38,synthetic-g1,,SYN-S1-S1_PRIV_023,S1PUB023,S1_PRIV_023,,complete,SYNTHETIC,,computer,Synthetic desktop,Synthetic OS,Synthetic Browser,1920 x 1080,1440 x 900,,,,Discrimination Task G1,SYNTHETIC,G1,G1,G1,9,Display 1,Screen 1,,,response,10,,,,4878.0,,,4878.0,1,4878.0,,,,Response,,,Display1,disc_10_3_tab20.png,10,tab20,3,baseline,discrimination,How many distinct classes do you see?,10,1
538,1789995766000,21/09/2026 13:02:46,1789995766000,1,21/09/2026 14:02:46,229051,38,synthetic-g1,,SYN-S1-S1_PRIV_023,S1PUB023,S1_PRIV_023,,complete,SYNTHETIC,,computer,Synthetic desktop,Synthetic OS,Synthetic Browser,1920 x 1080,1440 x 900,,,,Discrimination Task G1,SYNTHETIC,G1,G1,G1,10,Display 1,Screen 1,,,response,15,,,,3102.9,,,3102.9,0,3102.9,,,,Response,,,Display1,disc_20_2_tab20sa.png,20,tab20sa,2,sa,discrimination,How many distinct classes do you see?,20,1
539,1789995773000,21/09/2026 13:02:53,1789995773000,1,21/09/2026 14:02:53,229051,38,synthetic-g1,,SYN-S1-S1_PRIV_023,S1PUB023,S1_PRIV_023,,complete,SYNTHETIC,,computer,Synthetic desktop,Synthetic OS,Synthetic Browser,1920 x 1080,1440 x 900,,,,Discrimination Task G1,SYNTHETIC,G1,G1,G1,11,Display 1,Screen 1,,,response,10,,,,7549.5,,,7549.5,1,7549.5,,,,Response,,,Display1,disc_10_3_tab20sa.png,10,tab20sa,3,sa,discrimination,How many distinct classes do you see?,10,1
540,1789995780000,21/09/2026 13:03:00,1789995780000,1,21/09/2026 14:03:00,229051,38,synthetic-g1,,SYN-S1-S1_PRIV_023,S1PUB023,S1_PRIV_023,,complete,SYNTHETIC,,computer,Synthetic desktop,Synthetic OS,Synthetic Browser,1920 x 1080,1440 x 900,,,,Discrimination Task G1,SYNTHETIC,G1,G1,G1,12,Display 1,Screen 1,,,response,5,,,,3472.6,,,3472.6,1,3472.6,,,,Response,,,Display1,disc_5_1_tab20.png,5,tab20,1,baseline,discrimination,How many distinct classes do you see?,5,1
541,1789995787000,21/09/2026 13:03:07,1789995787000,1,21/09/2026 14:03:07,229051,38,synthetic-g1,,SYN-S1-S1_PRIV_023,S1PUB023,S1_PRIV_023,,complete,SYNTHETIC,,computer,Synthetic desktop,Synthetic OS,Synthetic Browser,1920 x 1080,1440 x 900,,,,Discrimination Task G1,SYNTHETIC,G1,G1,G1,13,Display 1,Screen 1,,,response,20,,,,6533.3,,,6533.3,1,6533.3,,,,Response,,,Display1,disc_20_3_tab20.png,20,tab20,3,baseline,discrimination,How many distinct classes do you see?,20,1
542,1789995794000,21/09/2026 13:03:14,1789995794000,1,21/09/2026 14:03:14,229051,38,synthetic-g1,,SYN-S1-S1_PRIV_023,S1PUB023,S1_PRIV_023,,complete,SYNTHETIC,,computer,Synthetic desktop,Synthetic OS,Synthetic Browser,1920 x 1080,1440 x 900,,,,Discrimination Task G1,SYNTHETIC,G1,G1,G1,14,Display 1,Screen 1,,,response,5,,,,1986.1,,,1986.1,0,1986.1,,,,Response,,,Display1,disc_10_1_tab20sa.png,10,tab20sa,1,sa,discrimination,How many distinct classes do you see?,10,1
543,1789995801000,21/09/2026 13:03:21,1789995801000,1,21/09/2026 14:03:21,229051,38,synthetic-g1,,SYN-S1-S1_PRIV_023,S1PUB023,S1_PRIV_023,,complete,SYNTHETIC,,computer,Synthetic desktop,Synthetic OS,Synthetic Browser,1920 x 1080,1440 x 900,,,,Discrimination Task G1,SYNTHETIC,G1,G1,G1,15,Display 1,Screen 1,,,response,10,,,,4080.4,,,4080.4,1,4080.4,,,,Response,,,Display1,disc_10_2_tab20.png,10,tab20,2,baseline,discrimination,How many distinct classes do you see?,10,1
544,1789995808000,21/09/2026 13:03:28,1789995808000,1,21/09/2026 14:03:28,229051,38,synthetic-g1,,SYN-S1-S1_PRIV_023,S1PUB023,S1_PRIV_023,,complete,SYNTHETIC,,computer,Synthetic desktop,Synthetic OS,Synthetic Browser,1920 x 1080,1440 x 900,,,,Discrimination Task G1,SYNTHETIC,G1,G1,G1,16,Display 1,Screen 1,,,response,10,,,,3919.7,,,3919.7,1,3919.7,,,,Response,,,Display1,disc_10_1_tab20.png,10,tab20,1,baseline,discrimination,How many distinct classes do you see?,10,1
545,1789995815000,21/09/2026 13:03:35,1789995815000,1,21/09/2026 14:03:35,229051,38,synthetic-g1,,SYN-S1-S1_PRIV_023,S1PUB023,S1_PRIV_023,,complete,SYNTHETIC,,computer,Synthetic desktop,Synthetic OS,Synthetic Browser,1920 x 1080,1440 x 900,,,,Discrimination Task G1,SYNTHETIC,G1,G1,G1,17,Display 1,Screen 1,,,response,25,,,,3763.5,,,3763.5,0,3763.5,,,,Response,,,Display1,disc_30_3_tab20.png,30,tab20,3,baseline,discrimination,How many distinct classes do you see?,30,1
546,1789995822000,21/09/2026 13:03:42,1789995822000,1,21/09/2026 14:03:42,229051,38,synthetic-g1,,SYN-S1-S1_PRIV_023,S1PUB023,S1_PRIV_023,,complete,SYNTHETIC,,computer,Synthetic desktop,Synthetic OS,Synthetic Browser,1920 x 1080,1440 x 900,,,,Discrimination Task G1,SYNTHETIC,G1,G1,G1,18,Display 1,Screen 1,,,response,5,,,,4750.7,,,4750.7,1,4750.7,,,,Response,,,Display1,disc_5_3_tab20sa.png,5,tab20sa,3,sa,discrimination,How many distinct classes do you see?,5,1
547,1789995829000,21/09/2026 13:03:49,1789995829000,1,21/09/2026 14:03:49,229051,38,synthetic-g1,,SYN-S1-S1_PRIV_023,S1PUB023,S1_PRIV_023,,complete,SYNTHETIC,,computer,Synthetic desktop,Synthetic OS,Synthetic Browser,1920 x 1080,1440 x 900,,,,Discrimination Task G1,SYNTHETIC,G1,G1,G1,19,Display 1,Screen 1,,,response,25,,,,6415.1,,,6415.1,0,6415.1,,,,Response,,,Display1,disc_30_2_tab20.png,30,tab20,2,baseline,discrimination,How many distinct classes do you see?,30,1
548,1789995836000,21/09/2026 13:03:56,1789995836000,1,21/09/2026 14:03:56,229051,38,synthetic-g1,,SYN-S1-S1_PRIV_023,S1PUB023,S1_PRIV_023,,complete,SYNTHETIC,,computer,Synthetic desktop,Synthetic OS,Synthetic Browser,1920 x 1080,1440 x 900,,,,Discrimination Task G1,SYNTHETIC,G1,G1,G1,20,Display 1,Screen 1,,,response,20,,,,5621.6,,,5621.6,1,5621.6,,,,Response,,,Display1,disc_20_3_tab20sa.png,20,tab20sa,3,sa,discrimination,How many distinct classes do you see?,20,1
549,1789995843000,21/09/2026 13:04:03,1789995843000,1,21/09/2026 14:04:03,229051,38,synthetic-g1,,SYN-S1-S1_PRIV_023,S1PUB023,S1_PRIV_023,,complete,SYNTHETIC,,computer,Synthetic desktop,Synthetic OS,Synthetic Browser,1920 x 1080,1440 x 900,,,,Discrimination Task G1,SYNTHETIC,G1,G1,G1,21,Display 1,Screen 1,,,response,20,,,,3947.9,,,3947.9,1,3947.9,,,,Response,,,Display1,disc_20_2_tab20.png,20,tab20,2,baseline,discrimination,How many distinct classes do you see?,20,1
550,1789995850000,21/09/2026 13:04:10,1789995850000,1,21/09/2026 14:04:10,229051,38,synthetic-g1,,SYN-S1-S1_PRIV_023,S1PUB023,S1_PRIV_023,,complete,SYNTHETIC,,computer,Synthetic desktop,Synthetic OS,Synthetic Browser,1920 x 1080,1440 x 900,,,,Discrimination Task G1,SYNTHETIC,G1,G1,G1,22,Display 1,Screen 1,,,response,15,,,,5246.5,,,5246.5,0,5246.5,,,,Response,,,Display1,disc_20_1_tab20sa.png,20,tab20sa,1,sa,discrimination,How many distinct classes do you see?,20,1
551,1789995857000,21/09/2026 13:04:17,1789995857000,1,21/09/2026 14:04:17,229051,38,synthetic-g1,,SYN-S1-S1_PRIV_023,S1PUB023,S1_PRIV_023,,complete,SYNTHETIC,,computer,Synthetic desktop,Synthetic OS,Synthetic Browser,1920 x 1080,1440 x 900,,,,Discrimination Task G1,SYNTHETIC,G1,G1,G1,23,Display 1,Screen 1,,,response,5,,,,1634.4,,,1634.4,1,1634.4,,,,Response,,,Display1,disc_5_1_tab20sa.png,5,tab20sa,1,sa,discrimination,How many distinct classes do you see?,5,1
552,1789995864000,21/09/2026 13:04:24,1789995864000,1,21/09/2026 14:04:24,229051,38,synthetic-g1,,SYN-S1-S1_PRIV_023,S1PUB023,S1_PRIV_023,,complete,SYNTHETIC,,computer,Synthetic desktop,Synthetic OS,Synthetic Browser,1920 x 1080,1440 x 900,,,,Discrimination Task G1,SYNTHETIC,G1,G1,G1,24,Display 1,Screen 1,,,response,5,,,,2860.7,,,2860.7,1,2860.7,,,,Response,,,Display1,disc_5_2_tab20sa.png,5,tab20sa,2,sa,discrimination,How many distinct classes do you see?,5,1
553,1789995871000,21/09/2026 13:04:31,1789995871000,1,21/09/2026 14:04:31,229051,38,synthetic-g1,,SYN-S1-S1_PRIV_024,S1PUB024,S1_PRIV_024,,complete,SYNTHETIC,,computer,Synthetic desktop,Synthetic OS,Synthetic Browser,1920 x 1080,1440 x 900,,,,Discrimination Task G1,SYNTHETIC,G1,G1,G1,1,Display 1,Screen 1,,,response,5,,,,4526.3,,,4526.3,1,4526.3,,,,Response,,,Display1,disc_5_2_tab20.png,5,tab20,2,baseline,discrimination,How many distinct classes do you see?,5,1
554,1789995878000,21/09/2026 13:04:38,1789995878000,1,21/09/2026 14:04:38,229051,38,synthetic-g1,,SYN-S1-S1_PRIV_024,S1PUB024,S1_PRIV_024,,complete,SYNTHETIC,,computer,Synthetic desktop,Synthetic OS,Synthetic Browser,1920 x 1080,1440 x 900,,,,Discrimination Task G1,SYNTHETIC,G1,G1,G1,2,Display 1,Screen 1,,,response,30,,,,8540.6,,,8540.6,1,8540.6,,,,Response,,,Display1,disc_30_3_tab20sa.png,30,tab20sa,3,sa,discrimination,How many distinct classes do you see?,30,1
555,1789995885000,21/09/2026 13:04:45,1789995885000,1,21/09/2026 14:04:45,229051,38,synthetic-g1,,SYN-S1-S1_PRIV_024,S1PUB024,S1_PRIV_024,,complete,SYNTHETIC,,computer,Synthetic desktop,Synthetic OS,Synthetic Browser,1920 x 1080,1440 x 900,,,,Discrimination Task G1,SYNTHETIC,G1,G1,G1,3,Display 1,Screen 1,,,response,5,,,,5227.3,,,5227.3,1,5227.3,,,,Response,,,Display1,disc_5_3_tab20.png,5,tab20,3,baseline,discrimination,How many distinct classes do you see?,5,1
556,1789995892000,21/09/2026 13:04:52,1789995892000,1,21/09/2026 14:04:52,229051,38,synthetic-g1,,SYN-S1-S1_PRIV_024,S1PUB024,S1_PRIV_024,,complete,SYNTHETIC,,computer,Synthetic desktop,Synthetic OS,Synthetic Browser,1920 x 1080,1440 x 900,,,,Discrimination Task G1,SYNTHETIC,G1,G1,G1,4,Display 1,Screen 1,,,response,10,,,,6094.6,,,6094.6,1,6094.6,,,,Response,,,Display1,disc_10_3_tab20.png,10,tab20,3,baseline,discrimination,How many distinct classes do you see?,10,1
557,1789995899000,21/09/2026 13:04:59,1789995899000,1,21/09/2026 14:04:59,229051,38,synthetic-g1,,SYN-S1-S1_PRIV_024,S1PUB024,S1_PRIV_024,,complete,SYNTHETIC,,computer,Synthetic desktop,Synthetic OS,Synthetic Browser,1920 x 1080,1440 x 900,,,,Discrimination Task G1,SYNTHETIC,G1,G1,G1,5,Display 1,Screen 1,,,response,30,,,,4450.0,,,4450.0,1,4450.0,,,,Response,,,Display1,disc_30_1_tab20sa.png,30,tab20sa,1,sa,discrimination,How many distinct classes do you see?,30,1
558,1789995906000,21/09/2026 13:05:06,1789995906000,1,21/09/2026 14:05:06,229051,38,synthetic-g1,,SYN-S1-S1_PRIV_024,S1PUB024,S1_PRIV_024,,complete,SYNTHETIC,,computer,Synthetic desktop,Synthetic OS,Synthetic Browser,1920 x 1080,1440 x 900,,,,Discrimination Task G1,SYNTHETIC,G1,G1,G1,6,Display 1,Screen 1,,,response,30,,,,6730.0,,,6730.0,1,6730.0,,,,Response,,,Display1,disc_30_3_tab20.png,30,tab20,3,baseline,discrimination,How many distinct classes do you see?,30,1
559,1789995913000,21/09/2026 13:05:13,1789995913000,1,21/09/2026 14:05:13,229051,38,synthetic-g1,,SYN-S1-S1_PRIV_024,S1PUB024,S1_PRIV_024,,complete,SYNTHETIC,,computer,Synthetic desktop,Synthetic OS,Synthetic Browser,1920 x 1080,1440 x 900,,,,Discrimination Task G1,SYNTHETIC,G1,G1,G1,7,Display 1,Screen 1,,,response,15,,,,6505.1,,,6505.1,0,6505.1,,,,Response,,,Display1,disc_20_3_tab20.png,20,tab20,3,baseline,discrimination,How many distinct classes do you see?,20,1
560,1789995920000,21/09/2026 13:05:20,1789995920000,1,21/09/2026 14:05:20,229051,38,synthetic-g1,,SYN-S1-S1_PRIV_024,S1PUB024,S1_PRIV_024,,complete,SYNTHETIC,,computer,Synthetic desktop,Synthetic OS,Synthetic Browser,1920 x 1080,1440 x 900,,,,Discrimination Task G1,SYNTHETIC,G1,G1,G1,8,Display 1,Screen 1,,,response,5,,,,3051.7,,,3051.7,1,3051.7,,,,Response,,,Display1,disc_5_3_tab20sa.png,5,tab20sa,3,sa,discrimination,How many distinct classes do you see?,5,1
561,1789995927000,21/09/2026 13:05:27,1789995927000,1,21/09/2026 14:05:27,229051,38,synthetic-g1,,SYN-S1-S1_PRIV_024,S1PUB024,S1_PRIV_024,,complete,SYNTHETIC,,computer,Synthetic desktop,Synthetic OS,Synthetic Browser,1920 x 1080,1440 x 900,,,,Discrimination Task G1,SYNTHETIC,G1,G1,G1,9,Display 1,Screen 1,,,response,10,,,,18107.2,,,18107.2,1,18107.2,,,,Response,,,Display1,disc_10_3_tab20sa.png,10,tab20sa,3,sa,discrimination,How many distinct classes do you see?,10,1
562,1789995934000,21/09/2026 13:05:34,1789995934000,1,21/09/2026 14:05:34,229051,38,synthetic-g1,,SYN-S1-S1_PRIV_024,S1PUB024,S1_PRIV_024,,complete,SYNTHETIC,,computer,Synthetic desktop,Synthetic OS,Synthetic Browser,1920 x 1080,1440 x 900,,,,Discrimination Task G1,SYNTHETIC,G1,G1,G1,10,Display 1,Screen 1,,,response,5,,,,2488.3,,,2488.3,1,2488.3,,,,Response,,,Display1,disc_5_1_tab20.png,5,tab20,1,baseline,discrimination,How many distinct classes do you see?,5,1
563,1789995941000,21/09/2026 13:05:41,1789995941000,1,21/09/2026 14:05:41,229051,38,synthetic-g1,,SYN-S1-S1_PRIV_024,S1PUB024,S1_PRIV_024,,complete,SYNTHETIC,,computer,Synthetic desktop,Synthetic OS,Synthetic Browser,1920 x 1080,1440 x 900,,,,Discrimination Task G1,SYNTHETIC,G1,G1,G1,11,Display 1,Screen 1,,,response,15,,,,4949.1,,,4949.1,0,4949.1,,,,Response,,,Display1,disc_20_1_tab20sa.png,20,tab20sa,1,sa,discrimination,How many distinct classes do you see?,20,1
564,1789995948000,21/09/2026 13:05:48,1789995948000,1,21/09/2026 14:05:48,229051,38,synthetic-g1,,SYN-S1-S1_PRIV_024,S1PUB024,S1_PRIV_024,,complete,SYNTHETIC,,computer,Synthetic desktop,Synthetic OS,Synthetic Browser,1920 x 1080,1440 x 900,,,,Discrimination Task G1,SYNTHETIC,G1,G1,G1,12,Display 1,Screen 1,,,response,20,,,,5778.2,,,5778.2,1,5778.2,,,,Response,,,Display1,disc_20_3_tab20sa.png,20,tab20sa,3,sa,discrimination,How many distinct classes do you see?,20,1
565,1789995955000,21/09/2026 13:05:55,1789995955000,1,21/09/2026 14:05:55,229051,38,synthetic-g1,,SYN-S1-S1_PRIV_024,S1PUB024,S1_PRIV_024,,complete,SYNTHETIC,,computer,Synthetic desktop,Synthetic OS,Synthetic Browser,1920 x 1080,1440 x 900,,,,Discrimination Task G1,SYNTHETIC,G1,G1,G1,13,Display 1,Screen 1,,,response,20,,,,5216.3,,,5216.3,1,5216.3,,,,Response,,,Display1,disc_20_1_tab20.png,20,tab20,1,baseline,discrimination,How many distinct classes do you see?,20,1
566,1789995962000,21/09/2026 13:06:02,1789995962000,1,21/09/2026 14:06:02,229051,38,synthetic-g1,,SYN-S1-S1_PRIV_024,S1PUB024,S1_PRIV_024,,complete,SYNTHETIC,,computer,Synthetic desktop,Synthetic OS,Synthetic Browser,1920 x 1080,1440 x 900,,,,Discrimination Task G1,SYNTHETIC,G1,G1,G1,14,Display 1,Screen 1,,,response,5,,,,1817.3,,,1817.3,1,1817.3,,,,Response,,,Display1,disc_5_1_tab20sa.png,5,tab20sa,1,sa,discrimination,How many distinct classes do you see?,5,1
567,1789995969000,21/09/2026 13:06:09,1789995969000,1,21/09/2026 14:06:09,229051,38,synthetic-g1,,SYN-S1-S1_PRIV_024,S1PUB024,S1_PRIV_024,,complete,SYNTHETIC,,computer,Synthetic desktop,Synthetic OS,Synthetic Browser,1920 x 1080,1440 x 900,,,,Discrimination Task G1,SYNTHETIC,G1,G1,G1,15,Display 1,Screen 1,,,response,20,,,,3669.7,,,3669.7,1,3669.7,,,,Response,,,Display1,disc_20_2_tab20.png,20,tab20,2,baseline,discrimination,How many distinct classes do you see?,20,1
568,1789995976000,21/09/2026 13:06:16,1789995976000,1,21/09/2026 14:06:16,229051,38,synthetic-g1,,SYN-S1-S1_PRIV_024,S1PUB024,S1_PRIV_024,,complete,SYNTHETIC,,computer,Synthetic desktop,Synthetic OS,Synthetic Browser,1920 x 1080,1440 x 900,,,,Discrimination Task G1,SYNTHETIC,G1,G1,G1,16,Display 1,Screen 1,,,response,10,,,,1730.2,,,1730.2,1,1730.2,,,,Response,,,Display1,disc_10_1_tab20sa.png,10,tab20sa,1,sa,discrimination,How many distinct classes do you see?,10,1
569,1789995983000,21/09/2026 13:06:23,1789995983000,1,21/09/2026 14:06:23,229051,38,synthetic-g1,,SYN-S1-S1_PRIV_024,S1PUB024,S1_PRIV_024,,complete,SYNTHETIC,,computer,Synthetic desktop,Synthetic OS,Synthetic Browser,1920 x 1080,1440 x 900,,,,Discrimination Task G1,SYNTHETIC,G1,G1,G1,17,Display 1,Screen 1,,,response,5,,,,4880.3,,,4880.3,1,4880.3,,,,Response,,,Display1,disc_5_2_tab20sa.png,5,tab20sa,2,sa,discrimination,How many distinct classes do you see?,5,1
570,1789995990000,21/09/2026 13:06:30,1789995990000,1,21/09/2026 14:06:30,229051,38,synthetic-g1,,SYN-S1-S1_PRIV_024,S1PUB024,S1_PRIV_024,,complete,SYNTHETIC,,computer,Synthetic desktop,Synthetic OS,Synthetic Browser,1920 x 1080,1440 x 900,,,,Discrimination Task G1,SYNTHETIC,G1,G1,G1,18,Display 1,Screen 1,,,response,30,,,,6355.3,,,6355.3,1,6355.3,,,,Response,,,Display1,disc_30_1_tab20.png,30,tab20,1,baseline,discrimination,How many distinct classes do you see?,30,1
571,1789995997000,21/09/2026 13:06:37,1789995997000,1,21/09/2026 14:06:37,229051,38,synthetic-g1,,SYN-S1-S1_PRIV_024,S1PUB024,S1_PRIV_024,,complete,SYNTHETIC,,computer,Synthetic desktop,Synthetic OS,Synthetic Browser,1920 x 1080,1440 x 900,,,,Discrimination Task G1,SYNTHETIC,G1,G1,G1,19,Display 1,Screen 1,,,response,10,,,,5765.8,,,5765.8,1,5765.8,,,,Response,,,Display1,disc_10_1_tab20.png,10,tab20,1,baseline,discrimination,How many distinct classes do you see?,10,1
572,1789996004000,21/09/2026 13:06:44,1789996004000,1,21/09/2026 14:06:44,229051,38,synthetic-g1,,SYN-S1-S1_PRIV_024,S1PUB024,S1_PRIV_024,,complete,SYNTHETIC,,computer,Synthetic desktop,Synthetic OS,Synthetic Browser,1920 x 1080,1440 x 900,,,,Discrimination Task G1,SYNTHETIC,G1,G1,G1,20,Display 1,Screen 1,,,response,10,,,,3890.6,,,3890.6,1,3890.6,,,,Response,,,Display1,disc_10_2_tab20sa.png,10,tab20sa,2,sa,discrimination,How many distinct classes do you see?,10,1
573,1789996011000,21/09/2026 13:06:51,1789996011000,1,21/09/2026 14:06:51,229051,38,synthetic-g1,,SYN-S1-S1_PRIV_024,S1PUB024,S1_PRIV_024,,complete,SYNTHETIC,,computer,Synthetic desktop,Synthetic OS,Synthetic Browser,1920 x 1080,1440 x 900,,,,Discrimination Task G1,SYNTHETIC,G1,G1,G1,21,Display 1,Screen 1,,,response,30,,,,3020.3,,,3020.3,1,3020.3,,,,Response,,,Display1,disc_30_2_tab20.png,30,tab20,2,baseline,discrimination,How many distinct classes do you see?,30,1
574,1789996018000,21/09/2026 13:06:58,1789996018000,1,21/09/2026 14:06:58,229051,38,synthetic-g1,,SYN-S1-S1_PRIV_024,S1PUB024,S1_PRIV_024,,complete,SYNTHETIC,,computer,Synthetic desktop,Synthetic OS,Synthetic Browser,1920 x 1080,1440 x 900,,,,Discrimination Task G1,SYNTHETIC,G1,G1,G1,22,Display 1,Screen 1,,,response,10,,,,6955.5,,,6955.5,1,6955.5,,,,Response,,,Display1,disc_10_2_tab20.png,10,tab20,2,baseline,discrimination,How many distinct classes do you see?,10,1
575,1789996025000,21/09/2026 13:07:05,1789996025000,1,21/09/2026 14:07:05,229051,38,synthetic-g1,,SYN-S1-S1_PRIV_024,S1PUB024,S1_PRIV_024,,complete,SYNTHETIC,,computer,Synthetic desktop,Synthetic OS,Synthetic Browser,1920 x 1080,1440 x 900,,,,Discrimination Task G1,SYNTHETIC,G1,G1,G1,23,Display 1,Screen 1,,,response,30,,,,8008.2,,,8008.2,1,8008.2,,,,Response,,,Display1,disc_30_2_tab20sa.png,30,tab20sa,2,sa,discrimination,How many distinct classes do you see?,30,1
576,1789996032000,21/09/2026 13:07:12,1789996032000,1,21/09/2026 14:07:12,229051,38,synthetic-g1,,SYN-S1-S1_PRIV_024,S1PUB024,S1_PRIV_024,,complete,SYNTHETIC,,computer,Synthetic desktop,Synthetic OS,Synthetic Browser,1920 x 1080,1440 x 900,,,,Discrimination Task G1,SYNTHETIC,G1,G1,G1,24,Display 1,Screen 1,,,response,15,,,,5395.3,,,5395.3,0,5395.3,,,,Response,,,Display1,disc_20_2_tab20sa.png,20,tab20sa,2,sa,discrimination,How many distinct classes do you see?,20,1
577,1789996039000,21/09/2026 13:07:19,1789996039000,1,21/09/2026 14:07:19,229051,38,synthetic-g1,,SYN-S1-S1_PRIV_025,S1PUB025,S1_PRIV_025,,complete,SYNTHETIC,,computer,Synthetic desktop,Synthetic OS,Synthetic Browser,1920 x 1080,1440 x 900,,,,Discrimination Task G1,SYNTHETIC,G1,G1,G1,1,Display 1,Screen 1,,,response,20,,,,4029.3,,,4029.3,1,4029.3,,,,Response,,,Display1,disc_20_1_tab20sa.png,20,tab20sa,1,sa,discrimination,How many distinct classes do you see?,20,1
578,1789996046000,21/09/2026 13:07:26,1789996046000,1,21/09/2026 14:07:26,229051,38,synthetic-g1,,SYN-S1-S1_PRIV_025,S1PUB025,S1_PRIV_025,,complete,SYNTHETIC,,computer,Synthetic desktop,Synthetic OS,Synthetic Browser,1920 x 1080,1440 x 900,,,,Discrimination Task G1,SYNTHETIC,G1,G1,G1,2,Display 1,Screen 1,,,response,5,,,,3301.6,,,3301.6,1,3301.6,,,,Response,,,Display1,disc_5_3_tab20sa.png,5,tab20sa,3,sa,discrimination,How many distinct classes do you see?,5,1
579,1789996053000,21/09/2026 13:07:33,1789996053000,1,21/09/2026 14:07:33,229051,38,synthetic-g1,,SYN-S1-S1_PRIV_025,S1PUB025,S1_PRIV_025,,complete,SYNTHETIC,,computer,Synthetic desktop,Synthetic OS,Synthetic Browser,1920 x 1080,1440 x 900,,,,Discrimination Task G1,SYNTHETIC,G1,G1,G1,3,Display 1,Screen 1,,,response,10,,,,6510.3,,,6510.3,1,6510.3,,,,Response,,,Display1,disc_10_3_tab20.png,10,tab20,3,baseline,discrimination,How many distinct classes do you see?,10,1
580,1789996060000,21/09/2026 13:07:40,1789996060000,1,21/09/2026 14:07:40,229051,38,synthetic-g1,,SYN-S1-S1_PRIV_025,S1PUB025,S1_PRIV_025,,complete,SYNTHETIC,,computer,Synthetic desktop,Synthetic OS,Synthetic Browser,1920 x 1080,1440 x 900,,,,Discrimination Task G1,SYNTHETIC,G1,G1,G1,4,Display 1,Screen 1,,,response,10,,,,5818.7,,,5818.7,1,5818.7,,,,Response,,,Display1,disc_10_1_tab20sa.png,10,tab20sa,1,sa,discrimination,How many distinct classes do you see?,10,1
581,1789996067000,21/09/2026 13:07:47,1789996067000,1,21/09/2026 14:07:47,229051,38,synthetic-g1,,SYN-S1-S1_PRIV_025,S1PUB025,S1_PRIV_025,,complete,SYNTHETIC,,computer,Synthetic desktop,Synthetic OS,Synthetic Browser,1920 x 1080,1440 x 900,,,,Discrimination Task G1,SYNTHETIC,G1,G1,G1,5,Display 1,Screen 1,,,response,5,,,,4570.1,,,4570.1,1,4570.1,,,,Response,,,Display1,disc_5_1_tab20.png,5,tab20,1,baseline,discrimination,How many distinct classes do you see?,5,1
582,1789996074000,21/09/2026 13:07:54,1789996074000,1,21/09/2026 14:07:54,229051,38,synthetic-g1,,SYN-S1-S1_PRIV_025,S1PUB025,S1_PRIV_025,,complete,SYNTHETIC,,computer,Synthetic desktop,Synthetic OS,Synthetic Browser,1920 x 1080,1440 x 900,,,,Discrimination Task G1,SYNTHETIC,G1,G1,G1,6,Display 1,Screen 1,,,response,30,,,,3761.5,,,3761.5,1,3761.5,,,,Response,,,Display1,disc_30_2_tab20sa.png,30,tab20sa,2,sa,discrimination,How many distinct classes do you see?,30,1
583,1789996081000,21/09/2026 13:08:01,1789996081000,1,21/09/2026 14:08:01,229051,38,synthetic-g1,,SYN-S1-S1_PRIV_025,S1PUB025,S1_PRIV_025,,complete,SYNTHETIC,,computer,Synthetic desktop,Synthetic OS,Synthetic Browser,1920 x 1080,1440 x 900,,,,Discrimination Task G1,SYNTHETIC,G1,G1,G1,7,Display 1,Screen 1,,,response,30,,,,11455.5,,,11455.5,1,11455.5,,,,Response,,,Display1,disc_30_2_tab20.png,30,tab20,2,baseline,discrimination,How many distinct classes do you see?,30,1
584,1789996088000,21/09/2026 13:08:08,1789996088000,1,21/09/2026 14:08:08,229051,38,synthetic-g1,,SYN-S1-S1_PRIV_025,S1PUB025,S1_PRIV_025,,complete,SYNTHETIC,,computer,Synthetic desktop,Synthetic OS,Synthetic Browser,1920 x 1080,1440 x 900,,,,Discrimination Task G1,SYNTHETIC,G1,G1,G1,8,Display 1,Screen 1,,,response,30,,,,9790.9,,,9790.9,1,9790.9,,,,Response,,,Display1,disc_30_3_tab20sa.png,30,tab20sa,3,sa,discrimination,How many distinct classes do you see?,30,1
585,1789996095000,21/09/2026 13:08:15,1789996095000,1,21/09/2026 14:08:15,229051,38,synthetic-g1,,SYN-S1-S1_PRIV_025,S1PUB025,S1_PRIV_025,,complete,SYNTHETIC,,computer,Synthetic desktop,Synthetic OS,Synthetic Browser,1920 x 1080,1440 x 900,,,,Discrimination Task G1,SYNTHETIC,G1,G1,G1,9,Display 1,Screen 1,,,response,20,,,,2462.0,,,2462.0,1,2462.0,,,,Response,,,Display1,disc_20_2_tab20sa.png,20,tab20sa,2,sa,discrimination,How many distinct classes do you see?,20,1
586,1789996102000,21/09/2026 13:08:22,1789996102000,1,21/09/2026 14:08:22,229051,38,synthetic-g1,,SYN-S1-S1_PRIV_025,S1PUB025,S1_PRIV_025,,complete,SYNTHETIC,,computer,Synthetic desktop,Synthetic OS,Synthetic Browser,1920 x 1080,1440 x 900,,,,Discrimination Task G1,SYNTHETIC,G1,G1,G1,10,Display 1,Screen 1,,,response,5,,,,8220.5,,,8220.5,1,8220.5,,,,Response,,,Display1,disc_5_1_tab20sa.png,5,tab20sa,1,sa,discrimination,How many distinct classes do you see?,5,1
587,1789996109000,21/09/2026 13:08:29,1789996109000,1,21/09/2026 14:08:29,229051,38,synthetic-g1,,SYN-S1-S1_PRIV_025,S1PUB025,S1_PRIV_025,,complete,SYNTHETIC,,computer,Synthetic desktop,Synthetic OS,Synthetic Browser,1920 x 1080,1440 x 900,,,,Discrimination Task G1,SYNTHETIC,G1,G1,G1,11,Display 1,Screen 1,,,response,5,,,,5202.8,,,5202.8,1,5202.8,,,,Response,,,Display1,disc_5_2_tab20.png,5,tab20,2,baseline,discrimination,How many distinct classes do you see?,5,1
588,1789996116000,21/09/2026 13:08:36,1789996116000,1,21/09/2026 14:08:36,229051,38,synthetic-g1,,SYN-S1-S1_PRIV_025,S1PUB025,S1_PRIV_025,,complete,SYNTHETIC,,computer,Synthetic desktop,Synthetic OS,Synthetic Browser,1920 x 1080,1440 x 900,,,,Discrimination Task G1,SYNTHETIC,G1,G1,G1,12,Display 1,Screen 1,,,response,5,,,,4491.7,,,4491.7,1,4491.7,,,,Response,,,Display1,disc_5_3_tab20.png,5,tab20,3,baseline,discrimination,How many distinct classes do you see?,5,1
589,1789996123000,21/09/2026 13:08:43,1789996123000,1,21/09/2026 14:08:43,229051,38,synthetic-g1,,SYN-S1-S1_PRIV_025,S1PUB025,S1_PRIV_025,,complete,SYNTHETIC,,computer,Synthetic desktop,Synthetic OS,Synthetic Browser,1920 x 1080,1440 x 900,,,,Discrimination Task G1,SYNTHETIC,G1,G1,G1,13,Display 1,Screen 1,,,response,30,,,,8497.2,,,8497.2,1,8497.2,,,,Response,,,Display1,disc_30_3_tab20.png,30,tab20,3,baseline,discrimination,How many distinct classes do you see?,30,1
590,1789996130000,21/09/2026 13:08:50,1789996130000,1,21/09/2026 14:08:50,229051,38,synthetic-g1,,SYN-S1-S1_PRIV_025,S1PUB025,S1_PRIV_025,,complete,SYNTHETIC,,computer,Synthetic desktop,Synthetic OS,Synthetic Browser,1920 x 1080,1440 x 900,,,,Discrimination Task G1,SYNTHETIC,G1,G1,G1,14,Display 1,Screen 1,,,response,10,,,,2367.4,,,2367.4,1,2367.4,,,,Response,,,Display1,disc_10_1_tab20.png,10,tab20,1,baseline,discrimination,How many distinct classes do you see?,10,1
591,1789996137000,21/09/2026 13:08:57,1789996137000,1,21/09/2026 14:08:57,229051,38,synthetic-g1,,SYN-S1-S1_PRIV_025,S1PUB025,S1_PRIV_025,,complete,SYNTHETIC,,computer,Synthetic desktop,Synthetic OS,Synthetic Browser,1920 x 1080,1440 x 900,,,,Discrimination Task G1,SYNTHETIC,G1,G1,G1,15,Display 1,Screen 1,,,response,10,,,,5044.2,,,5044.2,1,5044.2,,,,Response,,,Display1,disc_10_2_tab20sa.png,10,tab20sa,2,sa,discrimination,How many distinct classes do you see?,10,1
592,1789996144000,21/09/2026 13:09:04,1789996144000,1,21/09/2026 14:09:04,229051,38,synthetic-g1,,SYN-S1-S1_PRIV_025,S1PUB025,S1_PRIV_025,,complete,SYNTHETIC,,computer,Synthetic desktop,Synthetic OS,Synthetic Browser,1920 x 1080,1440 x 900,,,,Discrimination Task G1,SYNTHETIC,G1,G1,G1,16,Display 1,Screen 1,,,response,30,,,,7151.9,,,7151.9,1,7151.9,,,,Response,,,Display1,disc_30_1_tab20.png,30,tab20,1,baseline,discrimination,How many distinct classes do you see?,30,1
593,1789996151000,21/09/2026 13:09:11,1789996151000,1,21/09/2026 14:09:11,229051,38,synthetic-g1,,SYN-S1-S1_PRIV_025,S1PUB025,S1_PRIV_025,,complete,SYNTHETIC,,computer,Synthetic desktop,Synthetic OS,Synthetic Browser,1920 x 1080,1440 x 900,,,,Discrimination Task G1,SYNTHETIC,G1,G1,G1,17,Display 1,Screen 1,,,response,10,,,,3895.5,,,3895.5,1,3895.5,,,,Response,,,Display1,disc_10_2_tab20.png,10,tab20,2,baseline,discrimination,How many distinct classes do you see?,10,1
594,1789996158000,21/09/2026 13:09:18,1789996158000,1,21/09/2026 14:09:18,229051,38,synthetic-g1,,SYN-S1-S1_PRIV_025,S1PUB025,S1_PRIV_025,,complete,SYNTHETIC,,computer,Synthetic desktop,Synthetic OS,Synthetic Browser,1920 x 1080,1440 x 900,,,,Discrimination Task G1,SYNTHETIC,G1,G1,G1,18,Display 1,Screen 1,,,response,5,,,,5961.0,,,5961.0,1,5961.0,,,,Response,,,Display1,disc_5_2_tab20sa.png,5,tab20sa,2,sa,discrimination,How many distinct classes do you see?,5,1
595,1789996165000,21/09/2026 13:09:25,1789996165000,1,21/09/2026 14:09:25,229051,38,synthetic-g1,,SYN-S1-S1_PRIV_025,S1PUB025,S1_PRIV_025,,complete,SYNTHETIC,,computer,Synthetic desktop,Synthetic OS,Synthetic Browser,1920 x 1080,1440 x 900,,,,Discrimination Task G1,SYNTHETIC,G1,G1,G1,19,Display 1,Screen 1,,,response,10,,,,4205.3,,,4205.3,1,4205.3,,,,Response,,,Display1,disc_10_3_tab20sa.png,10,tab20sa,3,sa,discrimination,How many distinct classes do you see?,10,1
596,1789996172000,21/09/2026 13:09:32,1789996172000,1,21/09/2026 14:09:32,229051,38,synthetic-g1,,SYN-S1-S1_PRIV_025,S1PUB025,S1_PRIV_025,,complete,SYNTHETIC,,computer,Synthetic desktop,Synthetic OS,Synthetic Browser,1920 x 1080,1440 x 900,,,,Discrimination Task G1,SYNTHETIC,G1,G1,G1,20,Display 1,Screen 1,,,response,20,,,,4532.8,,,4532.8,1,4532.8,,,,Response,,,Display1,disc_20_3_tab20sa.png,20,tab20sa,3,sa,discrimination,How many distinct classes do you see?,20,1
597,1789996179000,21/09/2026 13:09:39,1789996179000,1,21/09/2026 14:09:39,229051,38,synthetic-g1,,SYN-S1-S1_PRIV_025,S1PUB025,S1_PRIV_025,,complete,SYNTHETIC,,computer,Synthetic desktop,Synthetic OS,Synthetic Browser,1920 x 1080,1440 x 900,,,,Discrimination Task G1,SYNTHETIC,G1,G1,G1,21,Display 1,Screen 1,,,response,20,,,,4324.7,,,4324.7,1,4324.7,,,,Response,,,Display1,disc_20_2_tab20.png,20,tab20,2,baseline,discrimination,How many distinct classes do you see?,20,1
598,1789996186000,21/09/2026 13:09:46,1789996186000,1,21/09/2026 14:09:46,229051,38,synthetic-g1,,SYN-S1-S1_PRIV_025,S1PUB025,S1_PRIV_025,,complete,SYNTHETIC,,computer,Synthetic desktop,Synthetic OS,Synthetic Browser,1920 x 1080,1440 x 900,,,,Discrimination Task G1,SYNTHETIC,G1,G1,G1,22,Display 1,Screen 1,,,response,30,,,,10459.9,,,10459.9,1,10459.9,,,,Response,,,Display1,disc_30_1_tab20sa.png,30,tab20sa,1,sa,discrimination,How many distinct classes do you see?,30,1
599,1789996193000,21/09/2026 13:09:53,1789996193000,1,21/09/2026 14:09:53,229051,38,synthetic-g1,,SYN-S1-S1_PRIV_025,S1PUB025,S1_PRIV_025,,complete,SYNTHETIC,,computer,Synthetic desktop,Synthetic OS,Synthetic Browser,1920 x 1080,1440 x 900,,,,Discrimination Task G1,SYNTHETIC,G1,G1,G1,23,Display 1,Screen 1,,,response,20,,,,4581.5,,,4581.5,1,4581.5,,,,Response,,,Display1,disc_20_3_tab20.png,20,tab20,3,baseline,discrimination,How many distinct classes do you see?,20,1
600,1789996200000,21/09/2026 13:10:00,1789996200000,1,21/09/2026 14:10:00,229051,38,synthetic-g1,,SYN-S1-S1_PRIV_025,S1PUB025,S1_PRIV_025,,complete,SYNTHETIC,,computer,Synthetic desktop,Synthetic OS,Synthetic Browser,1920 x 1080,1440 x 900,,,,Discrimination Task G1,SYNTHETIC,G1,G1,G1,24,Display 1,Screen 1,,,response,20,,,,2173.3,,,2173.3,1,2173.3,,,,Response,,,Display1,disc_20_1_tab20.png,20,tab20,1,baseline,discrimination,How many distinct classes do you see?,20,1
